url,title,pub_dt,content,source
https://www.cs.com.cn/xwzx/hg/202508/t20250831_6510271.html,上合组织天津峰会丨习近平会见吉尔吉斯斯坦总统扎帕罗夫,2025-08-31T15:17:00+08:00,首页 > 要闻 > 财经要闻,cs
https://www.cs.com.cn/xwzx/hg/202508/t20250831_6510270.html,上合组织天津峰会丨习近平会见印度总理莫迪,2025-08-31T15:16:00+08:00,首页 > 要闻 > 财经要闻,cs
https://www.cs.com.cn/ssgs/gsxw/202508/t20250831_6510269.html,一彬科技：上半年金属件和模具营收同比增长,2025-08-31T14:52:00+08:00,首页 > 公司·产经 > 公司要闻,cs
https://www.cs.com.cn/ssgs/gsxw/202508/t20250831_6510268.html,2026款岚图梦想家预售受热捧 岚图产品体系竞争力全面提升​,2025-08-31T14:51:00+08:00,首页 > 公司·产经 > 公司要闻,cs
https://www.cs.com.cn/ssgs/gsxw/202508/t20250831_6510267.html,聚焦人形机器人 双林股份接待机构调研,2025-08-31T14:48:00+08:00,首页 > 公司·产经 > 公司要闻,cs
https://www.cs.com.cn/ssgs/gsxw/202508/t20250831_6510266.html,中原传媒亮相中国国际数字出版博览会 数字化转型成果引关注,2025-08-31T14:47:00+08:00,首页 > 公司·产经 > 公司要闻,cs
https://www.cs.com.cn/ssgs/gsxw/202508/t20250831_6510261.html,蓝黛科技半年报亮眼 双主业协同释放增长潜力,2025-08-31T13:17:00+08:00,首页 > 公司·产经 > 公司要闻,cs
https://www.cs.com.cn/xwzx/hg/202508/t20250831_6510255.html,上合组织天津峰会丨习近平会见阿塞拜疆总统阿利耶夫,2025-08-31T12:04:00+08:00,首页 > 要闻 > 财经要闻,cs
https://www.cs.com.cn/xwzx/hg/202508/t20250831_6510254.html,上合组织天津峰会丨习近平会见马尔代夫总统穆伊兹,2025-08-31T12:03:00+08:00,首页 > 要闻 > 财经要闻,cs
https://www.cs.com.cn/xwzx/hg/202508/t20250831_6510253.html,上合组织天津峰会｜新华社快讯：习近平会见吉尔吉斯斯坦总统扎帕罗夫,2025-08-31T12:02:00+08:00,首页 > 要闻 > 财经要闻,cs
https://www.cs.com.cn/xwzx/jr/202508/t20250831_6510237.html,新华社评论员：携手构建更加紧密的上海合作组织命运共同体,2025-08-31T11:00:00+08:00,首页 > 要闻 > 观点评论,cs
https://www.cs.com.cn/cj2020/202508/t20250830_6510127.html,近半数上市房企上半年 业绩回暖,2025-08-30T09:51:00+08:00,首页 > 产经,cs
https://www.cs.com.cn/ssgs/gsxw/202508/t20250830_6510125.html,一滴水的智慧之旅：解码中国水务华东实践,2025-08-30T09:44:00+08:00,首页 > 公司·产经 > 公司要闻,cs
https://www.cs.com.cn/xwzx/jr/202508/t20250830_6510111.html,新华社政论｜永远做中华民族文明成果与人类和平事业的捍卫者——写在中国人民抗日战争暨世界反法西斯战争胜利80周年之际,2025-08-30T09:02:00+08:00,首页 > 要闻 > 观点评论,cs
https://www.cs.com.cn/cj2020/202508/t20250830_6510107.html,机构发布全球消费级生成式AI应用榜单,2025-08-30T00:03:00+08:00,首页 > 产经,cs
https://www.cs.com.cn/xwzx/msxf/202508/t20250829_6509999.html,财政部、应急管理部紧急预拨2.2亿元中央自然灾害救灾资金 重点支持7省（区、市）做好应急抢险救灾工作,2025-08-29T19:46:00+08:00,首页 > 要闻 > 民生消费,cs
https://www.cs.com.cn/ssgs/gsxl/202508/t20250829_6509989.html,光大集团发布养老金融“和光颐享”和养老服务“和光颐养”双品牌,2025-08-29T19:07:00+08:00,首页 > 公司·产经 > 公司巡礼,cs
https://www.cs.com.cn/ssgs/gsxl/202508/t20250829_6509968.html,从“微小轴承”到“大国智造”——平安租赁护航中国制造转型升级,2025-08-29T17:02:00+08:00,首页 > 公司·产经 > 公司巡礼,cs
https://www.cs.com.cn/ssgs/gsxl/202508/t20250829_6509967.html,滴滴为扫清干扰专注公司发展同意和解集体诉讼,2025-08-29T16:59:00+08:00,首页 > 公司·产经 > 公司巡礼,cs
