title,url,pub_time,source,category,summary
“推广数字人民币返利”？中国人民银行重庆市分行发布防范诈骗风险提示 _,https://finance.eastmoney.com/a/202509033503470643.html,2025-09-03T14:43:00+08:00,eastmoney,要闻,“重庆辟谣”微信公众号9月2日发文称，近期，接到群众反映，有不法分子冒用中国人民银行重庆市分行名义，假借推广数字人民币开展虚假宣传，声称“有偿推广”“高额回报”“分享商家利润”等，欺骗公众，造成不良社会影响。对此，人民银行重庆市分行向社会公众作出如下风险提示：数字人民币是中国人民银行发行的数字形式的法定货币，与实物货币1:1兑换，不具有炒作空间，无任何推广返利活动。中国人民银行重庆市分行从未发布任
【上海一周】何以识“变” _,https://finance.eastmoney.com/a/202509033503460056.html,2025-09-03T14:40:00+08:00,eastmoney,要闻,上周，上海市委书记陈吉宁主持召开上海哲学社会科学专家座谈会，听取专家学者对上海未来经济社会发展的意见建议。 “加快建成具有世界影响力的社会主义现代化国际大都市，未来五年是承前启后、攻坚突破的关键时期。”陈吉宁谈到，谋划上海“十五五”发展，要系统学习贯彻习近平总书记对上海工作的重要讲话和重要指示精神，掌握其中既一以贯之、一脉相承又发展变化、与时俱进的战略部署和战略意图，学深悟透、融会贯通，主动作为、
上海市国资委调研申迪集团改革发展工作 _,https://finance.eastmoney.com/a/202509033503445860.html,2025-09-03T14:32:00+08:00,eastmoney,要闻,9月2日上午，上海市国资委党委书记、主任贺青带队调研申迪集团并主持召开座谈会，听取企业今年以来改革发展情况，了解企业诉求建议。贺青表示，申迪集团认真落实市委市政府部署要求，把准改革方向、直面深层问题、注重真抓实干，各项工作取得积极成效。下一步，要为全市经济稳增长多做贡献。要更加积极融入全市文旅商体展协同发展大局，主动对接各类政策资源，实现经营收入企稳回升。要切实增强专业化运营能力，进一步提升客户体
中铁资本等在温州成立股权投资中心 _,https://finance.eastmoney.com/a/202509033503434772.html,2025-09-03T14:15:00+08:00,eastmoney,要闻,南方财经9月3日电，天眼查工商信息显示，近日，豫诚壹号（温州）股权投资中心（有限合伙）成立，执行事务合伙人为中铁资本有限公司，出资额约12.4亿人民币，经营范围包括创业投资，以私募基金从事股权投资、投资管理、资产管理等活动。合伙人信息显示，该企业由北京资信通机械租赁有限责任公司、中铁资本有限公司共同出资。 （文章来源：南方财经网）
国企混改基金等在北京成立股权投资基金 出资额14.9亿 _,https://finance.eastmoney.com/a/202509033503430343.html,2025-09-03T14:08:00+08:00,eastmoney,要闻,天眼查工商信息显示，璟泉善瑞（北京）股权投资基金合伙企业（有限合伙）近日成立，执行事务合伙人为璟泉善诚管理咨询（北京）有限公司，出资额14.9亿人民币，经营范围为以私募基金从事股权投资、投资管理、资产管理等活动。合伙人信息显示，该基金由中国国有企业混合所有制改革基金有限公司、璟泉善诚管理咨询（北京）有限公司共同出资。 （文章来源：财联社）
中国中煤、国家电投成立两家新能源公司 _,https://finance.eastmoney.com/a/202509033503426593.html,2025-09-03T14:00:00+08:00,eastmoney,要闻,企查查APP显示，近日，中煤（灵川）新能源有限公司、中煤（资源）新能源有限公司成立，注册资本分别为1.4亿元、1.1亿元，经营范围均包含：生物质能技术服务；储能技术服务；新兴能源技术研发；节能管理服务等。企查查股权穿透显示，二者皆由中国中煤能源集团有限公司、国家电力投资集团有限公司间接共同持股。 （文章来源：人民财讯）
“这有点疯狂”！特朗普回应健康状况传闻 _,https://finance.eastmoney.com/a/202509033503431595.html,2025-09-03T13:52:00+08:00,eastmoney,要闻,美国总统特朗普在长达一周没有露面后，于当地时间周二（2日）重返公众视野。当天，特朗普在白宫椭圆形办公室讨论将太空司令部迁至亚拉巴马州的决定时，被问及社交媒体上关于他“去世”的相关消息。 79岁的特朗普当天表示，他听说过关于他生病的猜测，但没有看到“去世”的报道。他随后称这些消息是“假新闻”。“我听说过，这有点疯狂。但上周我举行了好几次新闻发布会。都很成功，进展非常顺利，就像这次一样，但后来我两天没
8月京广深二手房成交数据出炉 _,https://finance.eastmoney.com/a/202509033503420582.html,2025-09-03T13:39:00+08:00,eastmoney,要闻,南方财经9月3日电，据券商中国，最新数据显示，8月，北京在新政刺激下，二手房住宅网签较7月有所增加；深圳二手房单月录得量仍超5000套，已连续6个月超行业“荣枯线”；广州受天气等多方面原因影响，市场交易节奏放缓，二手住宅网签量环比下降。 业内人士认为，未来北京政策仍有进一步优化空间，随着需求逐步释放，二手房市场的房源流通速度也将加快。预计9月深圳或松绑外围限购政策，“金九银十”大概率会实现；广州9
8月京广深二手房成交数据出炉 _,https://finance.eastmoney.com/a/202509033503394438.html,2025-09-03T13:29:00+08:00,eastmoney,要闻,最新数据显示，8月，北京在新政刺激下，二手房住宅网签较7月有所增加；深圳二手房单月录得量仍超5000套，已连续6个月超行业“荣枯线”；广州受天气等多方面原因影响，市场交易节奏放缓，二手住宅网签量环比下降。 业内人士认为，未来北京政策仍有进一步优化空间，随着需求逐步释放，二手房市场的房源流通速度也将加快。预计9月深圳或松绑外围限购政策，“金九银十”大概率会实现；广州9月二手住宅成交量回升的可能性不大
上海有产妇称收到近18万元生育补贴？医保热线回应 _,https://finance.eastmoney.com/a/202509033503395562.html,2025-09-03T13:28:00+08:00,eastmoney,要闻,昨天（9月2日） 一条关于生育补贴的帖子 登上了微博热搜榜高位 发帖网友表示 自己8月10日提交了 上海市生育补贴的申请 8月22日就到账了 金额多达17.8888万元 她感慨“上海这个行政速度是真快啊！” 生孩子政府真的发钱， 早上买纸尿裤的心疼现在荡然无存 图片来源：社交媒体 该话题冲上微博热搜后 网友们纷纷表示羡慕 有网友根据上海生育津贴的计算公式 （上年度单位月平均工资 / 30天 × 产
国内多家品牌足金首饰价格上破1050元/克 _,https://finance.eastmoney.com/a/202509033503388733.html,2025-09-03T13:25:00+08:00,eastmoney,要闻,国际金价近日连连攀升，今日上午，现货黄金盘中一度触及3546.919美元/盎司的历史新高。国内多家黄金珠宝品牌公布的境内足金首饰价格较昨日继续上涨，周大福、六福珠宝、潮宏基等品牌足金首饰价格报1053元/克。 （文章来源：财联社）
8月京广深二手房成交数据来了！ _,https://finance.eastmoney.com/a/202509033503388036.html,2025-09-03T13:17:00+08:00,eastmoney,要闻,一线城市二手房成交备受关注。 最新数据显示，8月，北京在新政刺激下，二手房住宅网签较7月有所增加；深圳二手房单月录得量仍超5000套，已连续6个月超行业“荣枯线”；广州受天气等多方面原因影响，市场交易节奏放缓，二手住宅网签量环比下降。 业内人士认为，未来北京政策仍有进一步优化空间，随着需求逐步释放，二手房市场的房源流通速度也将加快。预计9月深圳或松绑外围限购政策，“金九银十”大概率会实现；广州9月
重大突破：澳门大学首次有项目获青年科学基金项目（A类）资助 _,https://finance.eastmoney.com/a/202509033503369714.html,2025-09-03T13:02:00+08:00,eastmoney,要闻,据澳门大学官网9月2日消息，国家自然科学基金委员会公布2025年集中接收申请项目评审结果，澳门大学共有25个项目获得资助，涵盖重点项目、面上项目、青年科学基金项目（A、B、C类）等多个类别。 澳门大学此次获资助项目包括青年科学基金项目（A类）（原国家杰出青年科学基金项目）1项、青年科学基金项目（B类）（原优秀青年科学基金项目）2项、重点项目1项、面上项目8项以及青年科学基金项目（C类）（原青年科学
AI火了 带动消费电子龙头业绩大增 _,https://finance.eastmoney.com/a/202509033503365672.html,2025-09-03T12:51:00+08:00,eastmoney,要闻,【导读】全球手机销量继续下滑，AI眼镜却销量翻倍，消费电子行业迎来“冰火两重天” 当AI从“概念”走向“必需”，消费电子行业正在经历一场残酷的分化。 手机市场陷入低迷，却挡不住AI眼镜的迅猛崛起。2025年上半年，全球智能眼镜出货量同比翻倍，其中AI眼镜占比已接近八成，成为消费电子的新“顶流”。 AI的渗透正在加速重塑行业格局，从上游材料突破到下游生态扩张，产业链企业纷纷受益，工业富联、立讯精密等
中国中车集团董事长孙永才拜会哈萨克斯坦总统托卡耶夫并应邀参加中哈企业家委员会第八次会议 _,https://finance.eastmoney.com/a/202509033503364437.html,2025-09-03T12:49:00+08:00,eastmoney,要闻,9月2日，中国中车集团董事长孙永才拜会了哈萨克斯坦总统托卡耶夫，并应邀参加中哈企业家委员会第八次会议。在托卡耶夫总统的见证下，中国中车与哈萨克斯坦国家铁路股份公司就未来项目合作签署合作协议。会议期间，孙永才还与哈萨克斯坦萨姆鲁克-卡森纳国家主权基金主席扎库波夫及哈萨克斯坦国家铁路股份公司董事长阿尔德别尔格诺夫举行会谈，就落实两国元首重要共识、深化轨道交通及清洁能源装备等领域务实合作，推动高质量共建
宇树科技IPO定档 概念龙头股创新高！杠杆资金加仓这些潜力股 _,https://finance.eastmoney.com/a/202509033503364395.html,2025-09-03T12:47:00+08:00,eastmoney,要闻,宇树机器人概念利好频出。 今日（9月3日），A股市场主要指数回调，截至上午收盘，上证指数下跌0.96%。板块方面，光刻机、半导体、光芯片等AI硬件方向大幅反弹。 昨日午后飙涨的人形机器人板块今日早盘出现分化，宇树机器人概念上涨，景兴纸业和浙江荣泰等个股涨停。 光模块概念反弹 今年表现最好的光模块概念在短暂调整后，今天上午反弹，源杰科技大涨超9%，昨日跌停的长飞光纤今日早上涨停。有着“易中天”之称的
中国军队“黑科技”重磅曝光！机器狼、无人潜航器、察打一体无人机 _,https://finance.eastmoney.com/a/202509033503360830.html,2025-09-03T12:36:00+08:00,eastmoney,要闻,9月3日，一款叫做“机器狼”的无人作战装备亮相九三阅兵，由四足机器狗加装上武器或侦察设备进化而成。“机器狼”出现在陆上无人作战方队。 央视解说词提到：受阅装备为侦打突击、扫雷排爆、班组支援等无人战车，可远程操控、自主行动、灵活编组，实现陆上有人、无人协同作战新突破。 公开报道显示，“机器狼”的原型是一款由中国兵器装备集团旗下公司研制的四足机器狗，在2024年11月珠海航展上首次对外亮相。公司官网提
实探库布其沙漠里的“光伏长城”——鄂尔多斯新能源发展观察 _,https://finance.eastmoney.com/a/202509033503360078.html,2025-09-03T12:28:00+08:00,eastmoney,要闻,上证报中国证券网讯（林玉莲记者王文嫣）“两年前我第一次来到这里，四周跟无人区一样。黄沙漫天，见不到一丁点绿色。”赵冰清是内蒙古三峡蒙能能源有限公司（以下简称“三峡蒙能公司”）的综合管理部门人员，他指着远处激动地用手比划。 上证报记者林玉莲摄 顺着他手指的方向，记者看到，成片的光伏板排列整齐，在太阳的照射下泛出蓝色光泽。原本寸草不生的沙漠腹地，一改昔日面貌，竟也长出了绿色植被。 这片曾经的不毛之地，
习近平：在纪念中国人民抗日战争暨世界反法西斯战争胜利80周年大会上的讲话 _,https://finance.eastmoney.com/a/202509033503358380.html,2025-09-03T12:24:00+08:00,eastmoney,要闻,新华社北京9月3日电 在纪念中国人民抗日战争暨世界反法西斯战争胜利80周年大会上的讲话 （2025年9月3日，上午） 习近平 全国同胞们， 尊敬的各位国家元首、政府首脑和国际组织代表， 尊敬的各位来宾， 全体受阅将士们， 同志们、朋友们： 今天，我们隆重集会，纪念中国人民抗日战争暨世界反法西斯战争胜利80周年，共同铭记历史、缅怀先烈、珍爱和平、开创未来。 我代表中共中央、全国人大、国务院、全国政协
九三阅兵重磅武器来了！DF61导弹、歼20S震撼亮相 东风5C打击范围覆盖全球 _,https://finance.eastmoney.com/a/202509033503355096.html,2025-09-03T12:01:00+08:00,eastmoney,要闻,9月3日上午，纪念中国人民抗日战争暨世界反法西斯战争胜利80周年大会在北京天安门广场隆重举行，以盛大阅兵仪式，同世界人民一道纪念这个伟大的日子。 这次阅兵，共有45个方（梯）队受阅，首先接受检阅的是13个徒步方队，人民军队全面深化改革后形成新型军兵种结构布局，4个军种、4个兵种方队和武警部队方队，首次擎军兵种军旗和武警部队旗集中亮相。 阅兵分列式开始，中国人民解放军仪仗方队高擎党旗、国旗、军旗，沿
沪指下跌0.96% 半导体产业链表现活跃 军工股回调 _,https://finance.eastmoney.com/a/202509033503347011.html,2025-09-03T11:30:00+08:00,eastmoney,要闻,A股三大指数震荡走低，盘面上，游戏、光刻机、电子化学品、人脑工程、高带宽内存、CRO、CPO概念、贵金属、非金属材料、中芯概念位于涨幅榜前列，航天航空、船舶制造、气溶胶检测、军民融合、大飞机、小金属表现不佳，跌幅居前。 截至午间收盘，沪指下跌0.96%，报3820.98点，深成指下跌0.63%，报12474.44点；创业板指下跌0.11点，报2872.11点；科创50指数下跌2.02%，报1301
核导弹亮相 “东风-5C”打击范围覆盖全球 _,https://finance.eastmoney.com/a/202509033503334918.html,2025-09-03T11:14:00+08:00,eastmoney,要闻,核导弹第一方队：维护国家主权、捍卫民族尊严的战略“王牌” 据新华社报道，国之重器，压舱基石。核导弹第一方队3日上午震撼登场，接受祖国和人民检阅。 受阅的“惊雷-1”空基远程导弹、“巨浪-3”潜射洲际导弹、“东风-61”陆基洲际导弹、“东风-31”新型陆基洲际导弹，首次集中展示我军陆、海、空基“三位一体”战略核力量，是维护国家主权、捍卫民族尊严的战略“王牌”。核导弹第一方队由空军某基地、海军某基地、
利空突袭！美股、美债突传大消息！ _,https://finance.eastmoney.com/a/202509033503118817.html,2025-09-03T09:31:00+08:00,eastmoney,要闻,美债被看空！ 日前，澳大利亚第二大养老基金透露，已减持美国债券，主要是担心华盛顿的政策可能引发通胀。该基金管理着3300亿澳元（2160亿美元）的资产。 当地时间9月2日，美国国债跌势扩大，30年期国债收益率逼近5%。截至记者发稿，美国10年期国债收益率上涨7个基点至4.2984%；30年期国债收益率上涨6.7个基点至4.9883%。 与此同时，对冲基金对美股也保持谨慎。有数据显示，对冲基金并未参
9月3日集合竞价：天普股份9连板 博杰股份3连板 _,https://finance.eastmoney.com/a/202509033503101384.html,2025-09-03T09:26:00+08:00,eastmoney,要闻,9月3日，三大指数集体高开，上证指数高开0.19%，深证成指高开0.37%，创业板指高开0.37%。板块方面，贵金属领涨，西部黄金涨5.39%，有色金属、旅游酒店等开盘涨幅居前。 个股方面，8股竞价涨停，其中天普股份9连板、博杰股份3连板、白银有色3连板、春兴精工2连板、浙江荣泰2连板。 市场焦点股方面，机器人概念股科森科技（13天7板）平开、凯迪股份（10天5板）高开4.51%，低价股兆新股份（
券商投行半年业绩排行出炉 债券业务多点开花 发力图谱展现 _,https://finance.eastmoney.com/a/202509033502955541.html,2025-09-03T08:59:00+08:00,eastmoney,要闻,据上市券商2025年半年度投行业务数据显示，投行业务显现回暖趋势，少数券商靠股权业务实现亮眼增长，债券业务则成为推动行业整体发展主力。 从营收全貌来看，42家券商上半年投行业务手续费净收入合计达155.30 亿元，较去年同期的 131.49亿元同比增长18.11%。收入分布的“马太效应”突出，中信证券、中金公司、国泰海通、华泰证券与中信建投稳居头部阵营前五，且净收入均突破10亿元，占据行业总营收的
“9月魔咒”：从全球债市大跌开始？ _,https://finance.eastmoney.com/a/202509033502905971.html,2025-09-03T08:49:00+08:00,eastmoney,要闻,随着政府债券的抛售潮蔓延至股市，周二欧美市场纷纷遭遇了“股债双杀”…… 截至收盘，标普500指数下跌44.72点，全天收跌0.69%至6415.54点，欧洲斯托克50指数的跌幅则达到了1.42%。不少业内人士表示，此轮欧美股市的下跌是由于美国国债和其他政府债务面临压力，部分原因是投资者担心许多主要经济体的债务不断增加。 道富环球市场股票研究主管Marija Veitmane表示，“如今的避险情绪，
再次硬刚特朗普？美联储库克：现在才因这些事开除我 为时已晚！ _,https://finance.eastmoney.com/a/202509033502887594.html,2025-09-03T08:42:00+08:00,eastmoney,要闻,近段时间以来，美国总统特朗普与美联储之间的矛盾已达到“白热化”的程度。美东时间周二，美联储理事丽莎·库克再次硬刚特朗普称，现在才因其披露的抵押贷款信息而“开除”她已经太晚了。 在提交给美国地方法院的一份文件中，库克表示，在2022年被任命为美联储理事的审批过程中，她在提交给白宫和美国参议院的表格中列出了三处房产的抵押贷款。她强调，任何不一致之处在她获得任命时就已为人所知，不能成为特朗普现在解雇她的
纪念中国人民抗日战争暨世界反法西斯战争胜利80周年大会隆重举行 习近平发表重要讲话并检阅部队 _,https://finance.eastmoney.com/a/202509033502886478.html,2025-09-03T08:37:00+08:00,eastmoney,要闻,9月3日是中国人民抗日战争暨世界反法西斯战争胜利80周年纪念日。上午9时，北京天安门广场举行纪念大会。中共中央总书记、国家主席、中央军委主席习近平发表重要讲话并检阅部队。 纪念中国人民抗日战争暨世界反法西斯战争胜利80周年大会将在北京天安门广场隆重举行。人民英雄纪念碑前，“钢铁长城”主题景观巍然矗立，14座烽燧托举起“1945”“2025”字样，14只“和平鸽”振翅飞翔。 参加纪念中国人民抗日战争
特朗普团队已迫不及待？美财长据称周五开始面试美联储主席人选 _,https://finance.eastmoney.com/a/202509033502887614.html,2025-09-03T08:35:00+08:00,eastmoney,要闻,尽管美联储主席鲍威尔的任期要到2026年5月才结束，但显然，特朗普团队已经对更换美联储主席一事迫不及待了。 据知情人士透露，美国财政部长贝森特（Scott Bessent）计划本周五开始一系列面试，寻找下一任美联储主席人选。知情人士说，面试过程将在下周继续，并补充说，贝森特将亲自或通过视频会议与候选人交谈。 贝森特和他的顾问们表示，目前有11位候选人角逐这一职位。 据信，该名单包括美联储现任理事米
站上3600美元！金价创历史新高之际 央行黄金持有量30年来首超美债 _,https://finance.eastmoney.com/a/202509033502882845.html,2025-09-03T08:24:00+08:00,eastmoney,要闻,受投资者预期美联储本月将降息以及外国央行持续强劲的需求推动，纽约黄金期货价格周二突破3600美元，创历史新高。 黄金现货价格也飙升至每盎司3533美元以上的历史高点。 在金价大涨背后，各国央行对黄金的强劲需求是关键推动力之一。 根据Crescat Capital合伙人兼宏观策略师Tavi Costa汇编并发布在X上的数据，在金价创下新纪录之际，外国央行的黄金持有量自1996年以来首次超过美国国债。
谁是“车企一哥”？比亚迪“老对手”发力 合资车龙头吹响反攻号角 _,https://finance.eastmoney.com/a/202509033502881754.html,2025-09-03T08:14:00+08:00,eastmoney,要闻,【导读】国内头部车企交出上半年“成绩单”，比亚迪、上汽争夺“车企一哥” 9月2日晚间，随着蔚来发布2025年第二季度财报，国内头部车企均交出了2025年上半年的“成绩单”。 探究可见，比亚迪刚夺下的“车企一哥”宝座，正在遭遇原“车企一哥”上汽集团的全力争夺。 2025年上半年，比亚迪的汽车、汽车相关产品及其他产品（以下简称汽车业务）收入，仅比上汽集团的总营业收入多出29.18亿元。 即比亚迪在20
CPO造富盛宴：8家公司股价翻倍 有实控人身家暴增330亿 批量生产千万富翁 _,https://finance.eastmoney.com/a/202509033502880052.html,2025-09-03T08:07:00+08:00,eastmoney,要闻,今年以来，A股算力硬件板块业绩与股价齐飞，光模块CPO赛道上演了一场造富神话。 时代周报记者统计，截至8月末，A股光模块CPO板块年内已诞生了8只翻倍股，分别为光库科技（+100.04%）、源杰科技（+123.07%）、剑桥科技（+131.74%）、中际旭创（+188.51%）、长芯博创（+205.23%）、天孚通信（+205.92%）、新易盛（+333.21%）、仕佳光子（+407.21%）。 
大厂“角逐”芯片！继字节后 昕原半导体获蚂蚁集团入股 _,https://finance.eastmoney.com/a/202509033502873039.html,2025-09-03T07:52:00+08:00,eastmoney,要闻,工商信息显示，芯片新秀企业昕原半导体（上海）有限公司发生工商变更，原股东上海联知创业投资管理中心（有限合伙）退出，新增蚂蚁集团旗下上海云玡企业管理咨询有限公司为股东。 除蚂蚁集团外，Accelerator XIII Ltd.、P7 China Holdings PCC Limited也同时入股昕原半导体，公司注册资本由约4653.7万人民币增至约5029.7万人民币。其中的P7 China Hol
蔚来二季度营收增长9% 李斌：四季度锚定月销5万台目标 _,https://finance.eastmoney.com/a/202509033502819725.html,2025-09-03T07:44:00+08:00,eastmoney,要闻,蔚来依旧在为第四季度盈亏平衡的目标努力着。 9月2日，蔚来汽车（NYSE：NIO；09866.HK）公布2025年第二季度财报。数据显示，蔚来第二季度营收为190.09亿元，环比增长57.9%，同比增长9%；净亏损为49.95亿元，环比收窄26%，同比收窄1%；经调整后（非公认会计原则）净亏损为41.27亿元，环比收窄34.3%，同比收窄9%；公司毛利率为10%，环比提升2.4个百分点，同比提升0
六大黄金珠宝公司上半年总净利52亿元：老凤祥、中国黄金业绩齐跌 老铺黄金狂飙 _,https://finance.eastmoney.com/a/202509033502808052.html,2025-09-03T07:39:00+08:00,eastmoney,要闻,近日，金价重拾升势，周一触及逾四个月高位至3489.78美元/盎司，周二亚市早盘，现货黄金突破3500美元/盎司，刷新历史最高价。 在金价持续攀升的背景下，黄金珠宝品牌业绩呈现明显分化。从主流黄金珠宝品牌上市公司陆续发布的半年报来看，老凤祥（600612.SH）、中国黄金（600916.SH）、老铺黄金（6181.HK）、周大生（002867.SZ）、潮宏基（002345.SZ）、周六福（6168
百亿私募二季度新进32只A股 电子、医药生物、计算机行业受青睐 _,https://finance.eastmoney.com/a/202509033502818237.html,2025-09-03T07:39:00+08:00,eastmoney,要闻,上市公司2025年半年报已披露完成，百亿私募的最新持仓数据随之浮出水面。 私募排排网数据显示，截至2025年8月31日，二季度末共有31家百亿私募旗下产品出现在28个申万一级行业中的175家A股上市公司前十大流通股东名单中，合计持股市值达658.29亿元，其中百亿私募二季度新进上市公司32家，增持上市公司29家，91家上市公司百亿私募持股数量不变，另外有23家上市公司二季度遭遇百亿私募减持。 从百
多家车企相继披露8月销售数据 机构看好这些股 _,https://finance.eastmoney.com/a/202509033502791747.html,2025-09-03T07:38:00+08:00,eastmoney,要闻,二季度机构加仓的汽车整车概念股出炉。 多家车企相继披露8月销售数据 多家车企相继披露8月销售数据，小鹏汽车、零跑汽车、蔚来汽车等新势力车企单月交付量再创新高。 零跑汽车8月交付量达5.71万辆，同比增长超过88%，连续6个月稳居新势力品牌月交付领先位置。小鹏汽车8月共交付新车37709辆，单月交付量同比环比双增，创历史新高。长城汽车8月销售新车11.56万辆，同比增长22.33%，创历史最佳8月销
深夜！股、债、汇三杀 发生了什么？ _,https://finance.eastmoney.com/a/202509033502758864.html,2025-09-03T07:32:00+08:00,eastmoney,要闻,欧美金融市场突然掀起大风暴。 9月2日，欧洲股市、汇市、债市集体遭遇抛售，英镑兑美元汇率一度大跌1.52%，英国30年期国债收益率一度升至1998年以来最高水平，多国股指亦全线下挫，德国股指一度大跌超2%。有分析指出，英国30年期国债收益率大幅攀升的原因是，市场担心英国公共财政的可持续性。 与此同时，美国市场也不平静。北京时间2日晚间，美股开盘后，三大指数全线重挫，纳指大跌超1%；恐慌指数VIX大
A股放量回调 下档支撑看哪里？ _,https://finance.eastmoney.com/a/202509033502730688.html,2025-09-03T07:29:00+08:00,eastmoney,要闻,周二A股放量回调。 截至9月2日收盘，上证综指跌0.45%，报3858.13点；科创50指数跌2.13%，深证成指跌2.14%，创业板指跌2.85%。 从盘面上看，银行、公用事业、家用电器板块涨幅居前，通信、计算机、电子板块跌幅居前。 如何看待周二市场表现？分析人士普遍认为，短线市场可能会进入高位震荡阶段，但是沪指下跌空间有限。 一位上海的券商投顾表示，从K线形态上及量能上分析，沪指在3888前高
特朗普：美军发动打击 致11人死亡！马杜罗称委内瑞拉面临百年“最大威胁” 委防长：来了就打 _,https://finance.eastmoney.com/a/202509033502706756.html,2025-09-03T07:14:00+08:00,eastmoney,要闻,据央视新闻，当地时间9月2日，美国总统特朗普在其社交平台“真实社交”上发文表示，美军当日凌晨对“阿拉瓜火车”组织进行打击，造成11名成员死亡。美军在此次袭击中没有人员伤亡。 特朗普政府今年2月将委内瑞拉“阿拉瓜火车”犯罪组织等列入全球恐怖组织名单。 美国媒体8月20日报道，美国总统特朗普决定以“打击拉美贩毒集团”为由，在委内瑞拉附近加勒比海域部署一支两栖舰队。报道援引消息人士的话说，其中包含3艘两
凌晨！特朗普重大宣布！美军发动袭击 _,https://finance.eastmoney.com/a/202509033502706394.html,2025-09-03T07:11:00+08:00,eastmoney,要闻,特朗普回应了。 北京时间9月3日凌晨，美国总统特朗普表示，将就全球关税案裁决向美国最高法院提起上诉，希望推翻上诉法院认定其大部分关税非法的裁决。特朗普警告称，如果他最终败诉，将会造成“一种也许前所未见的震荡”。 另外，针对关于他健康状况不佳的传闻，特朗普在白宫回应称，他在劳工节假期周末“非常活跃”——每天都会前往自己位于弗吉尼亚州的高尔夫球场，并称有关他健康状况的报道都是“假新闻”。 美股市场方面
九三大阅兵今日举行 有哪些亮点？ _,https://finance.eastmoney.com/a/202509033502698087.html,2025-09-03T06:18:00+08:00,eastmoney,要闻,今年是中国人民抗日战争暨世界反法西斯战争胜利80周年，9月3日北京将举行盛大阅兵式。 十年前的9月3日，我国举办了首次以纪念中国人民抗日战争暨世界反法西斯战争胜利为主题的阅兵。 十年后，我们又将以相同的方式来纪念这一伟大时刻。这样的安排有何深意？今年的阅兵有哪些亮点？九三抗战胜利纪念日，我们为什么要大阅兵？ 铭记历史，以盛大阅兵纪念抗战伟大胜利 今年九三阅兵是纪念中国人民抗日战争暨世界反法西斯战争
全球市场：欧美股市收跌 纳指跌近1% 国际金价续创历史新高 _,https://finance.eastmoney.com/a/202509033502694210.html,2025-09-03T06:05:00+08:00,eastmoney,要闻,美股市场：美股三大指数09月02日收盘全线下跌。截至收盘，道琼斯工业平均指数比前一交易日下跌249.07点，收于45295.81点，跌幅为0.55%；标准普尔500种股票指数下跌44.72点，收于6415.54点，跌幅为0.69%；纳斯达克综合指数下跌175.92点，收于21279.63点，跌幅为0.82%。 大型科技股普跌，英伟达跌近2%，亚马逊、苹果、特斯拉跌超1%。 热门中概股涨跌互现，纳斯
9月3日国内四大证券报纸、重要财经媒体头版头条内容精华摘要 _,https://finance.eastmoney.com/a/202509033502694852.html,2025-09-03T06:03:00+08:00,eastmoney,要闻,9月3日(星期三)，今日报刊头条主要内容精华如下： 宇树科技新消息 拟四季度提交上市申请 9月2日，在社交媒体平台认证的宇树科技账号“Unitree”发布声明称，“公司正积极推进首次公开募股（IPO）的筹备工作”，并表示“预计将于10月至12月间向证券交易所提交上市申请文件，届时相关运营数据将正式披露。”中国证券报记者致电宇树科技，确认该消息为官方发布内容。 两部门发文 关于划转充实社保基金国有股
英伟达收盘价跌破50日均线 分析师担忧上涨动能已经见顶 _,https://finance.eastmoney.com/a/202509033502693779.html,2025-09-03T05:14:00+08:00,eastmoney,要闻,自今年5月以来，英伟达收盘价首次跌破关键技术水平，因投资者持续从这家人工智能芯片龙头中撤出资金。 周二（9月2日）盘中，英伟达股价一度跌约4%至每股167.22美元，为7月22日以来的最低水平。 截至收盘，英伟达报每股170.78美元，连续第四个交易日下跌，并且还跌破了50日均线171.02美元——跌破这一技术位，被市场视为短期动能转弱的负面信号。 Kingsview Partners首席技术分析
投资人疯狂涌入 Anthropic估值暴涨半年升200% _,https://finance.eastmoney.com/a/202509033502691481.html,2025-09-03T04:43:00+08:00,eastmoney,要闻,美国人工智能初创企业Anthropic在官网宣布，公司完成了130亿美元F轮融资，融资后估值达到1830亿美元，三倍于年内早些时候的估值。 在这笔公司史上规模最大的融资后，Anthropic跻身为全球最有价值的初创企业之一。按最新的估值计算，公司价值已经超过德州仪器（1800亿美元）和波音（1790亿美元）。 值得一提的是，由于投资者强烈需求，本轮融资规模超过了市场最初的预期。此前有消息称，Ant
谷歌盘后涨逾7% 苹果盘后涨超3% 美国法官裁定谷歌无需出售Chrome浏览器 _,https://finance.eastmoney.com/a/202509033502691121.html,2025-09-03T04:21:00+08:00,eastmoney,要闻,谷歌盘后涨超7%，苹果盘后涨超3%。消息面上，美国一名法官公布了针对谷歌在网络搜索领域的反垄断案的裁决。美国法官裁定，谷歌无需出售Chrome，无需剥离安卓操作系统。谷歌无需停止向苹果及其他公司支付预装谷歌产品的费用。法官禁止谷歌签订互联网搜索排他性合同。谷歌必须与竞争对手共享信息以解决在线搜索垄断问题。 （文章来源：财联社）
数百名经济学家声援库克 反对特朗普削弱美联储独立性 _,https://finance.eastmoney.com/a/202509033502688133.html,2025-09-03T02:29:00+08:00,eastmoney,要闻,当地时间周二，近600位经济学家联合发表公开信，警告特朗普试图解除美联储理事丽莎·库克职务的举动，正在动摇美国金融体系核心支柱的独立性，并侵蚀公众对美联储的信任。 公开信中写道：“良好的经济政策离不开可信的货币当局，而可信的货币当局又离不开美联储的独立性。我们坚决支持库克理事，也坚决支持那些长期以来支撑美国经济实力的制度保障。” 此次联名信的593位签署人中，包括诺贝尔奖得主约瑟夫·斯蒂格利茨、克
净流入站上万亿港元关口 南向资金改变港股投资生态 _,https://finance.eastmoney.com/a/202509033502687328.html,2025-09-03T02:15:00+08:00,eastmoney,要闻,恒生指数站稳25000点大关，港股市场交投活跃度持续攀升，南向资金持续发力港股优质资产。截至9月2日，今年以来南向资金累计净流入金额已突破1万亿港元关口，达到10002.21亿港元，创下历史新高。本轮港股持续反弹的进程中，持续涌入的南向资金成为重要的支撑力量。 据湘财证券统计，南向资金每日成交额占港股比重从沪港深通开通初期的5%左右，上升到目前的35%左右。这不仅为港股市场注入了充沛的流动性，也改
牵手八大国有车企 华为汽车板块扩大“朋友圈” _,https://finance.eastmoney.com/a/202509033502684754.html,2025-09-03T01:59:00+08:00,eastmoney,要闻,近日，随着一汽红旗与华为达成合作，中国八大国有车企已全部与华为建立合作关系，加之德系豪华品牌奥迪等纷纷拥抱华为，华为在汽车板块的布局已日渐成熟。 华为汽车板块崛起 华为汽车业务由华为车载通信板块发展而来。2019年5月，华为成立智能汽车解决方案事业部（车BU），正式进军汽车领域。 赛力斯是华为汽车首个深度合作伙伴，双方合作打造了“问界”智能汽车品牌。之后，奇瑞、北汽、江淮、长安、广汽纷纷牵手华为。
8月股价涨幅超82%的东芯股份今日复牌 “反路演”引投资者戏称“东伟达”来了 _,https://finance.eastmoney.com/a/202509033502682971.html,2025-09-03T01:04:00+08:00,eastmoney,要闻,科创板大牛股东芯股份（688110.SH，股价118.00元，市值521.85亿元）要复牌了！ 9月2日晚间，披露了停牌核查结果公告的东芯股份热度上升，更有投资者激动地称其为“东伟达”。投资者为何如此激动？原来，上市公司在披露复牌公告时，还披露了投资者关系活动记录表——和一般机构调研不同，这次是上市公司主动邀请投资者的“反路演”。投资者关系活动记录表和复牌公告，均提到了国产GPU（图形处理器）芯片
发生了什么？欧洲多国长期债券收益率均触及多年高点 _,https://finance.eastmoney.com/a/202509033502682443.html,2025-09-03T00:51:00+08:00,eastmoney,要闻,英国、德国和法国长期国债收益率升至多年高位，投资者正在重新评估欧洲日益膨胀的公共债务与政治不确定性所带来的长期风险。 周二欧盘交易时段，英国30年期国债收益率一度升至5.697%，创1998年以来新高；德国30年期国债收益率最高触及3.413%，为2011年以来未见；法国30年期国债收益率也攀升至4.513%，刷新2009年以来纪录。 借贷成本上升之际，市场担心欧洲国防开支计划和德国的基建投资将推
公募、券商与社保基金“同框”145只个股 89只属于新质生产力概念 _,https://finance.eastmoney.com/a/202509033502679032.html,2025-09-03T00:33:00+08:00,eastmoney,要闻,作为资本市场重要参与者，机构投资者的投资动向始终受到市场广泛关注。《证券日报》记者在梳理A股上市公司2025年半年报时注意到，截至今年二季度末，公募基金、券商（含券商集合理财，下同）和社保基金三者共同持有的个股共计145只。其中，有89只个股属于新质生产力概念，向“新”集聚趋势显著。 在受访人士看来，上述三类机构在新质生产力概念个股上形成持仓共识，源于对政策导向、产业趋势与长期价值的共同判断。 社
英伟达否认H100/H200芯片短缺传闻 _,https://finance.eastmoney.com/a/202509033502677570.html,2025-09-03T00:28:00+08:00,eastmoney,要闻,当地时间9月2日，英伟达表示，近日媒体关于英伟达H100/H200芯片“供应受限”和“售罄”的传言均属不实信息。“正如我们在财报中说明的，云服务合作伙伴确实能在线租赁其拥有的H100/H200芯片，但这并不意味着我们无法承接新订单。”英伟达表示，公司拥有充足的H100/H200库存，可即时满足所有订单需求；关于H20芯片导致H100/H200或Blackwell产品供应减少的传言同样完全失实——H
狂买49亿股！险资二季度重仓买了这些 投资者能“抄作业”吗 _,https://finance.eastmoney.com/a/202509023502629581.html,2025-09-03T00:26:00+08:00,eastmoney,要闻,随着上市公司半年报披露，险资截至二季度末的持仓情况也浮出水面。 9月2日，贝壳财经记者据Wind数据统计发现，截至二季度末，保险公司共重仓了731只股票，合计持仓926.99亿股，相较一季度末加仓了49.24亿股，主要加仓方向为高股息的银行股、钢铁股、电信股等。 业内人士认为，当前，保险公司持续关注权益资产的配置，一方面源于利率下行的大背景下，投资权益资产成为增厚收益的重要一环；另一方面，投资权益
央企强强联手！中石油拟向中移动无偿划转5.41亿股：拓宽合作领域 实现优势互补 _,https://finance.eastmoney.com/a/202509023502644827.html,2025-09-03T00:20:00+08:00,eastmoney,要闻,9月2日晚间，中国石油天然气股份有限公司（以下简称“中国石油”或“公司”）发布关于国有股份划转的提示性公告。公告称，为进一步深化中国石油集团与中国移动集团的战略合作，公司控股股东中国石油集团拟通过国有股份划转方式将其持有的5.41亿股A股股份（占公司总股本的0.30%）划转给中国移动通信集团有限公司。划转完成后，中国石油集团持股比例降至82.17%，中国移动集团持股比例升至0.39%，本次划转不会
批量涨停！“超级牛散”章建平持仓曝光 将51亿元押注人形机器人、AI赛道 _,https://finance.eastmoney.com/a/202509023502649734.html,2025-09-03T00:15:00+08:00,eastmoney,要闻,最近在寒武纪上大赚，使得牛散章建平颇受市场关注。 根据半年报，截至今年6月末，章建平的名字出现在9家A股上市公司的前十大流通股东名单中，合计持股市值达50.96亿元。其重点布局了AI产业链、机器人产业链、新能源等板块。 9月2日午后，机器人概念股强势拉涨。章建平二季度新买进的浙江荣泰、龙溪股份、嵘泰股份等涨停，汉威科技大涨11.50%，宁波华翔上涨6.87%。记者留意到，章建平持有的多只个股今年以
宇树上市定档四季度 人形机器人赛道迎资本“冲刺期” _,https://finance.eastmoney.com/a/202509023502651238.html,2025-09-03T00:11:00+08:00,eastmoney,要闻,一纸宇树科技IPO“定档”的公告，又在市场及产业端掀起千层浪花。 2025年9月2日下午，宇树机器人IPO的关键进展与业务布局细节被官方详细披露。公告显示，宇树预计将于2025年10—12月向证券交易所提交上市申报文件，由中信证券担任辅导机构，届时将首次全面公开运营数据。 这份公告同步揭晓了其业务基本面——以2024年为例，四足机器人、人形机器人、组件产品营收占比分别达65%、30%和5%，其中四
浮盈颇丰 “牛散”、私募ETF持仓曝光 _,https://finance.eastmoney.com/a/202509023502654140.html,2025-09-03T00:10:00+08:00,eastmoney,要闻,动辄数亿资金、投资“稳准狠”……出手力度堪比机构投资者的基金“牛散”，今年以来精准投资了科创50、机器人、金融科技、半导体等高成长赛道ETF，其中多只ETF今年以来涨幅超过30%，若“牛散”持有至今，浮盈将十分丰厚。 此外，无论主观私募还是量化私募、复合型多策略私募，均是ETF产品的重要“座上宾”，多家知名私募现身ETF产品前十大持有人名单。 “牛散”加强布局 近年来，ETF投资风潮盛行，个人投资
罗马仕充电宝起火“烧到”了A股公司：卓翼科技起诉追讨1.36亿元 _,https://finance.eastmoney.com/a/202509033502672169.html,2025-09-03T00:08:00+08:00,eastmoney,要闻,几个月前，罗马仕品牌充电宝起火等事件引起广泛关注，“北京高校禁用罗马仕充电宝”“充电宝3C认证”等热搜持续发酵，该事项对其上游供应商也带来较大影响，近期，这火“烧”到了上市公司身上。 9月2日晚间，卓翼科技（002369.SZ，股价10.61元，市值60.15亿元）发布公告称，子公司起诉江门罗马仕科技有限公司、深圳罗马仕科技有限公司及相关公司一案获得江门市蓬江区人民法院（以下简称江门法院）立案受理
“8连板”牛股天普股份：如股价进一步异常上涨 可能申请停牌核查 _,https://finance.eastmoney.com/a/202509023502669971.html,2025-09-03T00:07:00+08:00,eastmoney,要闻,“8连板”牛股天普股份宣布，“再涨就停牌”！ 9月2日晚间，天普股份发布公告称，近期股价严重脱离基本面，投资者参与交易可能面临较大风险，如公司股价进一步异常上涨，公司可能申请停牌核查。 来看详情—— 8连板牛股宣布 可能申请停牌核查 9月2日，天普股份延续近期火热态势，在集合竞价阶段即报涨停，全天封板。截至当日收盘，天普股份股价为57.1元/股，涨幅为10%。此次涨停后，天普股份成功拿下“8连板”
达利欧警告：美国债务问题或在特朗普第二任期内爆发 _,https://finance.eastmoney.com/a/202509023502637545.html,2025-09-03T00:04:00+08:00,eastmoney,要闻,从摩根大通CEO杰米·戴蒙到美联储主席鲍威尔，几乎所有人都认为美国的国家债务危机即将到来，只是没人知道会在何时爆发。 而全球最大对冲基金桥水基金创始人达利欧并不害怕给出时间表，他表示，这场“债务引发的心脏病发作”将在现任政府任期内出现，最多两三年之内。 达利欧早已不止一次就这一话题发出警告。今年早些时候，他就表示，那些认为美国可以继续增加债务负担而不承担后果的经济学家“根本不理解问题的机制”。 本
明年发行？“数字日元”浮出水面 无现金社会加速 _,https://finance.eastmoney.com/a/202509023502667330.html,2025-09-03T00:04:00+08:00,eastmoney,要闻,日本长期以来以“现金为王”著称，但随着数字货币的发展步伐加快，日本正呼吁紧跟这一趋势，以应对国内支付方式向无现金化迅速转型的局面。当地时间周一，日本邮储银行表示，将在2026财年末推出数字日元，以方便储户进行数字金融交易。此举凸显出，越来越多的日本商家正利用区块链技术来简化金融交易。 由法定日元1：1支持 日本邮储银行是日本散户存款最多的银行，该行拥有1.2亿个储户账户，这些账户上共持有约190万
市值蒸发5000亿美元后 特斯拉全面转型！马斯克豪赌机器人：五年内年产100万台 _,https://finance.eastmoney.com/a/202509023502665569.html,2025-09-03T00:02:00+08:00,eastmoney,要闻,在电动车市场面临增长瓶颈、股价持续承压之际，特斯拉抛出了一枚重磅炸弹。 当地时间9月2日，特斯拉正式发布《宏图计划第四篇章》（Master Plan Part IV）。相较于聚焦电动汽车和能源的前三个篇章，第四篇章则将未来押注在一个更具颠覆性的领域：将人工智能带入物理世界。 这不仅仅是一次简单的战略调整，更是特斯拉从一家汽车公司向“人工智能+机器人”巨头的全面转型。马斯克当天在X平台上表示，预计未
金价再创历史新高：现货黄金站上3530美元 纽约期金突破3600美元 _,https://finance.eastmoney.com/a/202509023502636297.html,2025-09-03T00:01:00+08:00,eastmoney,要闻,现货黄金持续走高，站上3530美元/盎司，再创历史新高；COMEX黄金期货涨超2%，报3600.1美元/盎司。 突破3500美元/盎司！金价新高下的投资抉择：追高金矿股还是增持黄金ETF？ 现货黄金价格接连冲破历史峰值，现货白银价格创下新高，二者携手上演了一场贵金属的“狂欢派对”。 在耀眼的金光下，真正的“赢家”或许是那些手握矿产的上游企业，面对金价异动，“家里有矿，心里不慌”成为众多矿企最为真实
美股频道 -,http://stock.eastmoney.com/america.html,2025-09-02T22:00:00+08:00,eastmoney,要闻,中国财经资讯门户东方财富网(www.eastmoney.com)美股频道：提供全方位24小时全球股票行情、股市直播、大盘分析、板块聚焦、焦点点评、报刊头条、热门股追踪、个股点睛、个股精华、公司资讯、公司研究、公司评级、行业研究、业绩预测、新股策略、交易提示、晚间快讯、新股申购、新股过会、年报预告、季报大全、解禁一览、大宗交易、龙虎榜单、全球股市、传闻求证、公告大全、股市播报、主力持仓、股票帐户、板
焦点 -,http://finance.eastmoney.com/yaowen.html,,eastmoney,要闻,东方财富网财经频道提供权威、全面、专业、及时的财经资讯，将众多财经资讯、功能进行浓缩，内容饱满详实，展现形式丰富，网友之间互动性突出，是网友获取财经资讯的重要平台。
新股 _ 股票频道 _,http://stock.eastmoney.com/newstock.html,,eastmoney,要闻,中国财经第一门户东方财富网(www.eastmoney.com)新股频道，为您全方位提供新股动态，新股聚焦，热门新股行情，定位预测，增发一览，可转债一览，新股吧。
股指期货频道 -,http://stock.eastmoney.com/gzqh.html,,eastmoney,要闻,东方财富网股指期货频道是国内最专业的股指期货提供方，拥有最全面股指期货信息资讯，提供最及时的股指期货行情。行情中心内对股指期货的各类合约都有详细的的分时图K线图和各类数据提供参考。频道内设有全国最大的股指期货吧和各类合约吧，为股指期货初学者和各类股指期货高手提供了交流学习的空间。频道内还专门为股指期货初学者设立了投资者教育中心，从了解股指期货到股指期货开户，为投资者提供了详细的指导与建议。投资者通
全球频道 -,http://stock.eastmoney.com/global.html,,eastmoney,要闻,"东方财富网全球频道,提供全球范围内的财经资讯,市场行情,经济数据,包括亚太市场,欧洲市场,美国市场,和美股,港股,外汇,黄金,期货。"
基金吧,http://guba.eastmoney.com/jj.html,,eastmoney,要闻,基金吧--东方财富网旗下股票主题社区，实时行情评论和个股交流让你感受到证券经济的力量。
焦点 -,https://finance.eastmoney.com/yaowen.html,,eastmoney,要闻,东方财富网财经频道提供权威、全面、专业、及时的财经资讯，将众多财经资讯、功能进行浓缩，内容饱满详实，展现形式丰富，网友之间互动性突出，是网友获取财经资讯的重要平台。
纵深调查 _,http://finance.eastmoney.com/a/czsdc.html,,eastmoney,要闻,
财经日历 _ 数据中心 _,http://data.eastmoney.com/cjrl/default.html,,eastmoney,要闻,东方财富网提供最全的沪深两市每日重要事件汇总，个股最新公告和业绩报告，以及全球宏观经济指标和财经会议内容，及时了解宏观走势、市场脉搏、个股动向，为您的投资提供重要依据
会议专题 - 专题频道 - 东方财富网,https://topic.eastmoney.com/list/huiyi.html,,eastmoney,要闻,
资讯精华 _,http://finance.eastmoney.com/a/cywjh.html,,eastmoney,要闻,
国内经济 _,http://finance.eastmoney.com/a/cgnjj.html,,eastmoney,要闻,
国际经济 _,http://finance.eastmoney.com/a/cgjjj.html,,eastmoney,要闻,
证券聚焦 _,http://finance.eastmoney.com/a/czqyw.html,,eastmoney,要闻,
公司资讯 _,http://finance.eastmoney.com/a/cgsxw.html,,eastmoney,要闻,
