title,url,content,pub_dt,source
为了全人类的美好未来——智库报告解析中国全球公共思想产品的供给与贡献,https://www.cs.com.cn/xwzx/hg/202509/t20250906_6511148.html,首页 > 要闻 > 财经要闻,2025-09-06 17:03:00+08:00,cs
福建证监局深化常态化走访工作 聚力助推上市公司质量提升,https://www.cs.com.cn/xwzx/hg/202509/t20250906_6511147.html,首页 > 要闻 > 财经要闻,2025-09-06 16:58:00+08:00,cs
盘兴高铁进入联调联试阶段,https://www.cs.com.cn/xwzx/hg/202509/t20250906_6511146.html,首页 > 要闻 > 财经要闻,2025-09-06 15:53:00+08:00,cs
2025年中国农民丰收节金秋消费季启动,https://www.cs.com.cn/xwzx/msxf/202509/t20250906_6511145.html,首页 > 要闻 > 民生消费,2025-09-06 15:52:00+08:00,cs
思维导图来了！一图了解《回应时代呼唤 解答世界之问——中国全球公共思想产品的供给与贡献》智库报告,https://www.cs.com.cn/xwzx/hg/202509/t20250906_6511144.html,首页 > 要闻 > 财经要闻,2025-09-06 15:47:00+08:00,cs
一跨1768米！国内最大跨度跨海大桥首个主塔顺利封顶,https://www.cs.com.cn/xwzx/hg/202509/t20250906_6511143.html,首页 > 要闻 > 财经要闻,2025-09-06 14:54:00+08:00,cs
新华社国家高端智库发布《回应时代呼唤 解答世界之问——中国全球公共思想产品的供给与贡献》智库报告,https://www.cs.com.cn/xwzx/hg/202509/t20250906_6511137.html,首页 > 要闻 > 财经要闻,2025-09-06 14:24:00+08:00,cs
习近平向中俄友好、和平与发展委员会第十五次双方全会致贺辞,https://www.cs.com.cn/xwzx/hg/202509/t20250906_6511136.html,首页 > 要闻 > 财经要闻,2025-09-06 14:18:00+08:00,cs
亿华通终止收购旭阳氢能 产业协同步伐引关注,https://www.cs.com.cn/ssgs/gsxw/202509/t20250906_6511129.html,首页 > 公司·产经 > 公司要闻,2025-09-06 13:05:00+08:00,cs
新华时评｜唱响南方声音，展现南方担当,https://www.cs.com.cn/xwzx/jr/202509/t20250906_6511125.html,首页 > 要闻 > 观点评论,2025-09-06 12:43:00+08:00,cs
祥生医疗：持续攻坚高端彩超 AI技术积极赋能智能诊疗,https://www.cs.com.cn/ssgs/gsxw/202509/t20250906_6511123.html,首页 > 公司·产经 > 公司要闻,2025-09-06 12:39:00+08:00,cs
厦门产融会客厅揭牌 首场活动聚焦股权投资与产融结合新机遇,https://www.cs.com.cn/ssgs/gsxw/202509/t20250906_6511116.html,首页 > 公司·产经 > 公司要闻,2025-09-06 11:28:00+08:00,cs
国机集团董事长张晓仑：综合运用市值管理工具箱 多措并举提升上市公司投资价值,https://www.cs.com.cn/ssgs/gsxw/202509/t20250906_6511109.html,首页 > 公司·产经 > 公司要闻,2025-09-06 10:30:00+08:00,cs
深空经济万亿美元蓝海启幕 商业航天与长线资本成破局关键,https://www.cs.com.cn/ssgs/gsxw/202509/t20250906_6511108.html,首页 > 公司·产经 > 公司要闻,2025-09-06 10:24:00+08:00,cs
2025世界智能产业博览会在渝开幕,https://www.cs.com.cn/xwzx/hg/202509/t20250906_6511102.html,首页 > 要闻 > 财经要闻,2025-09-06 10:02:00+08:00,cs
新华社评论员：在和平与发展的人间正道上携手同行,https://www.cs.com.cn/xwzx/jr/202509/t20250906_6511098.html,首页 > 要闻 > 观点评论,2025-09-06 09:44:00+08:00,cs
融通基金：构建平台化投研体系，多策略驱动业绩持续领先,https://www.cs.com.cn/ssgs/gsxl/202509/t20250905_6511080.html,首页 > 公司·产经 > 公司巡礼,2025-09-05 20:53:00+08:00,cs
广东试点“车网互动” 探索储能新路径,https://www.cs.com.cn/cj2020/202509/t20250905_6511061.html,首页 > 产经,2025-09-05 18:54:00+08:00,cs
就业政策宣传月活动定于9月全国开展,https://www.cs.com.cn/xwzx/msxf/202509/t20250905_6511060.html,首页 > 要闻 > 民生消费,2025-09-05 18:53:00+08:00,cs
上海创新节庆活动促文旅商体展消费升温,https://www.cs.com.cn/xwzx/msxf/202509/t20250905_6511055.html,首页 > 要闻 > 民生消费,2025-09-05 18:50:00+08:00,cs
儿童、伤残军警等旅客购票优惠措施进一步优化,https://www.cs.com.cn/xwzx/msxf/202509/t20250905_6511029.html,首页 > 要闻 > 民生消费,2025-09-05 16:39:00+08:00,cs
2025世界智能产业博览会在渝开幕 集中展示3000余项创新成果,https://www.cs.com.cn/xwzx/hg/202509/t20250905_6511012.html,首页 > 要闻 > 财经要闻,2025-09-05 15:02:00+08:00,cs
穿越市场波动：多元资产配置如何助力财富增长,https://www.cs.com.cn/ssgs/gsxl/202509/t20250905_6511008.html,首页 > 公司·产经 > 公司巡礼,2025-09-05 13:48:00+08:00,cs
挖掘下沉市场 各地多措并举提振汽车消费,https://www.cs.com.cn/cj2020/202509/t20250905_6510926.html,首页 > 产经,2025-09-05 08:25:00+08:00,cs
蔚来多维破局“信任”考题 李斌欲以15万辆销量保驾四季度盈利,https://www.cs.com.cn/ssgs/gsxw/202509/t20250905_6510923.html,首页 > 公司·产经 > 公司要闻,2025-09-05 08:21:00+08:00,cs
丽星邮轮“领航星”号首访三亚,https://www.cs.com.cn/xwzx/hg/202509/t20250905_6510907.html,首页 > 要闻 > 财经要闻,2025-09-05 07:46:00+08:00,cs
