title,url,pub_time,summary,category,source
直击深圳楼市新政首日：房企酝酿收回折扣，楼盘来访量有所提升 _,https://finance.eastmoney.com/a/202509063506761428.html,2025-09-06 18:36:00,继北京、上海之后，深圳房地产政策也迎来了调整。 9月5日深夜，深圳市住房和建设局、中国人民银行深圳市分行联合印发《关于进一步优化调整本市房地产政策措施的通知》（下称“《通知》”），自9月6日起，深圳分区优化调整居民购买商品住房政策、分区优化调整企事业单位购买商品住房政策、优化调整个人住房信贷政策。 这次核心的调整集中在，罗湖、宝安西乡街道被移出核心限购区，深户、或者在深圳有1年连续社保、个税缴纳证,要闻,eastmoney
重大突破 新型超导材料问世！机构盯上5只高增长潜力股 _,https://finance.eastmoney.com/a/202509063506760138.html,2025-09-06 18:09:00,超导技术凭借其独特的物理特性，在多个领域展现出了巨大的应用潜力。 新型高载流铁基超导线材问世 作为面向未来的一项前沿技术，超导是当今世界科研最前沿、应用潜力最大的领域之一。中国科学家历经多年攻关研究，在超导领域持续实现从理论到应用的引领性突破。 据科技日报，近日从中国科学院电工研究所获悉，该所科研人员开发出一种铁基超导线材制备新技术，成功制备出新型高载流铁基超导线材，其载流性能指标创下新纪录。相关,要闻,eastmoney
600363 布局电磁弹射火箭技术！记者实探 _,https://finance.eastmoney.com/a/202509063506759480.html,2025-09-06 17:46:00,A股上市公司联创光电（600363）携手四川省资阳市在商业航天领域搞了个大动作。 公司9月5日晚间披露，拟与多方共同投资设立资阳商业航天产业运营公司（下称“资阳商业航天”）。资阳商业航天将推动电磁弹射这一颠覆传统发射模式“新技术”的商业化。 联创光电主营激光系列及传统LED芯片等产品的研发、产销。从定期报告来看，公司将“商业航天电磁弹射”作为了其高温超导业务的重要突破方向。 联创光电此次投资的合作,要闻,eastmoney
中国婴配粉，老大换了？丨消费参考+ _,https://finance.eastmoney.com/a/202509063506758629.html,2025-09-06 17:30:00,中国婴配粉江湖似乎要重新排位了。 伊利提到，在上半年，这家公司整体婴幼儿奶粉（含牛奶粉和羊奶粉）零售额市场份额跃居全国第一。 飞鹤呢，也再次强调，飞鹤婴配粉全渠道市场份额及销量继续稳居市场第一。飞鹤还特别提到，其在全国第一的位置已经持续了六年。 今天，我们就来聊下，谁才是中国市场的婴配粉老大？ 大家好，我是小贺，欢迎收看本期消费参考。 其实，伊利和飞鹤的第一，都是客观存在的。只是口径不同。 伊利排,要闻,eastmoney
新华财经晚报：下周A股解禁市值逾960亿元 _,https://finance.eastmoney.com/a/202509063506758144.html,2025-09-06 17:22:00,【重点关注】 ·下周A股解禁市值逾960亿元 ·上海合作组织成员国第二十四次经贸部长会议取得积极成果 ·计价规则优化后的学生优惠票6日开始发售 【国内要闻】 ·十四届全国政协经济委员会副主任易会满涉嫌严重违纪违法，目前正接受中央纪委国家监委纪律审查和监察调查。 ·下周（9月8日至12日），A股市场将有40家上市公司迎来限售股解禁。以个股最新价计算，40家上市公司解禁股对应市值合计高达966.01亿,要闻,eastmoney
外企看好中国智能产业 冀共享机遇 _,https://finance.eastmoney.com/a/202509063506757744.html,2025-09-06 17:10:00,中新社重庆9月6日电 (张旭)“许多中国智能制造企业已经或正在出海，中国企业在全球智能制造中的声量也越来越大，这是我们所期望见到的。”德国企业SupplyOn亚太区CEO郑梓熙6日在重庆向中新社表示，他们从中获得发展机会。 9月5日至8日，2025世界智能产业博览会(以下简称“智博会”)在重庆举行，吸引600余家国内外企业集中展示3000余项创新产品。 9月6日，2025世界智能产业博览会新加坡馆,要闻,eastmoney
2025年中国农民丰收节金秋消费季启动 _,https://finance.eastmoney.com/a/202509063506753556.html,2025-09-06 15:20:00,新华财经北京9月6日电（记者古一平）2025年中国农民丰收节金秋消费季活动9月5日在浙江省杭州市启动。 今年金秋消费季以“庆农业丰收享美好生活”为主题，由农业农村部、商务部、文化和旅游部、中央广播电视总台、国家林业和草原局、中华全国供销合作总社联合发起。 今年金秋消费季从9月初持续到11月底，其间各地各部门将组织开展多领域、多层次、多元化的庆丰收促消费活动。 启动活动上，中国优质农产品开发服务协会,要闻,eastmoney
话费充值最低50元起？网友质疑：不合理，强制交易 _,https://finance.eastmoney.com/a/202509063506753445.html,2025-09-06 15:17:00,9月5日，话题“话费最低50元起充被质疑不合理”登上热搜，引发热议。 近日，有网友反映，近期通过微信充值话费，“以前的10元和30元充值消失，取代为最低50元到500元不等”，他认为运营商涉嫌滥用垄断地位侵犯消费者权益。 记者发现，很多用户都有类似烦恼。不少消费者表示，话费自由应是按需充值，而不是在一堆大额里挑充多少。 记者根据反映，调查了十余个平台后发现，大多第三方平台不能充小额或自定义话费，基,要闻,eastmoney
热搜！我国规划撞击一颗小行星 2022年美国曾实施小行星撞击试验 _,https://finance.eastmoney.com/a/202509063506752265.html,2025-09-06 15:13:00,6日，#我国规划撞击一颗小行星#话题冲上微博热搜。 据央视新闻，近日召开的第三届深空探测天都国际会议上，中国探月工程总设计师吴伟仁介绍，我国正在规划对一颗小行星实施动能撞击演示验证任务，验证小行星防御方案可行性。 图片来源：视频截图 吴伟仁院士介绍，这项任务拟采用“伴飞+撞击+伴飞”的任务模式，发射观测器和撞击器。观测器先期抵达对目标小行星进行抵近观测，获取其详细特性参数，然后撞击器对小行星实施高,要闻,eastmoney
百度前高级副总裁王劲创业失败 自动驾驶公司进入破产程序 已失联 _,https://finance.eastmoney.com/a/202509063506751978.html,2025-09-06 15:06:00,日前，中智行科技有限公司（以下简称“中智行”）破产清算被法院受理。据红星资本局消息，该公司由前百度高级副总裁、百度自动驾驶事业部首任总经理、文远知行创始人王劲创办，主攻L4级自动驾驶领域。 裁定书显示，中智行无力支付1.5万元的劳动仲裁款，被申请破产清算还债，进入“执转破”程序。 业内人士指出，中智行的困境与其选择的技术路线，以及当前自动驾驶投资退潮的大环境有关。车路协同短期内难以跑通，商业化落地,要闻,eastmoney
疯狂囤黄金！全球央行黄金储备反超美债 系29年来首次！美元“霸权”落幕？ _,https://finance.eastmoney.com/a/202509063506751517.html,2025-09-06 15:01:00,黄金，这一古老资产，正在挑战现代金融体系的基石——美国国债。 近日，一组数据在华尔街“刷屏”。9月3日，资管机构Crescat Capital合伙人兼宏观策略师塔维科斯塔（Tavi Costa）汇编并发布数据显示：在金价创下新纪录之际，黄金在除美联储外央行的储备占比，自1996年以来首次超过美国国债。 科斯塔认为，这一转折点可能是“近代史上最重大的全球再平衡的开始”。这反映了各国央行在战略性调整储,要闻,eastmoney
中星9C卫星正式投用 中国广播电视专用卫星实现全面国产化 _,https://finance.eastmoney.com/a/202509063506750745.html,2025-09-06 14:54:00,9月4日晚至5日凌晨，中星9C完成接替中星9号直播卫星广播电视业务工作。中星9C卫星是广播电视专用直播卫星，采用国内自主研发的东方红四号增强型卫星平台，配置有全国波束、海域波束、西部波束及可移动波束，整体性能全面优化，载荷容量和功率大幅增加，业务承载能力、国土边缘及领海覆盖能力有效提升。中星9C卫星的波束和频段设计灵活多样，可满足未来直播卫星和广播电视协同发展的需求。该星将为直播卫星高清、超高清业,要闻,eastmoney
西工大实现航天器柔性传感系统首次在轨验证 _,https://finance.eastmoney.com/a/202509063506749861.html,2025-09-06 14:48:00,据西安发布，北京时间2025年9月5日19时39分，我国在酒泉卫星发射中心成功发射谷神星一号运载火箭，将“基于柔性传感的卫星关键折展部件状态实时监测系统”送入预定轨道，发射任务取得圆满成功。该系统由柔性电子全国重点实验室主任、西北工业大学柔性电子研究院首席科学家黄维院士团队杨海涛教授与西北工业大学航天学院岳晓奎教授团队孙冲副研究员联合研发。这是我国首次实现柔性电子传感技术在航天器关键部件状态监测中,要闻,eastmoney
中俄旅游搜索量暴增！双向免签将启，航司网络布局迎收获期 _,https://finance.eastmoney.com/a/202509063506751165.html,2025-09-06 14:41:00,随着中国宣布俄罗斯即将成为第76个实施免签政策的国家，以及俄罗斯方面承诺很快将予以中国对等待遇，中俄两个有着漫长陆地边界的邻国终于开始进入更深层次的开放阶段。在“互免”政策刺激下，两国的航空公司一个阶段以来庞大的航空网络布局也将真正迎来收获期。 全面开放 据央视新闻报道，俄罗斯总统普京9月5日在东方经济论坛全会上表示，俄罗斯相应也将对等实施对华免签政策，作为对中方这一友好措施的回应。 在相关消息发,要闻,eastmoney
受集团场出栏缩量等因素影响 本周猪价出现反弹 _,https://finance.eastmoney.com/a/202509063506749753.html,2025-09-06 14:37:00,据农业农村部监测，9月5日，全国农产品批发市场猪肉平均价格为19.84元/公斤，与上周五（8月29日）的19.94元/公斤相比，下降0.5%。本周的平均价格为19.91元/公斤，与上周19.96元/公斤的均价相比，下降0.3%。 本周国内生猪价格呈先涨后降走势，周均价环比上涨。据中国养猪网的数据，9月5日，生猪（外三元）价格为13.89元/公斤，与上周五（8月29日）的13.69元/公斤相比，上涨,要闻,eastmoney
罕见！办公室门口听到内幕 买入股票大赚 罚单来了！ _,https://finance.eastmoney.com/a/202509063506749654.html,2025-09-06 14:32:00,近日，宁波证监局公布了一则有关内幕交易的罚单。罚单内容显示，李某在办公室门口听到了内幕消息，后面便操作其亲属账户买入“旗天科技”股票，成交金额约30万元，盈利26万元。 李某辩称其并非故意刺探获取内幕信息，只是偶然听到了相关谈话。至于使用亲属账户买股票，李某表示，是为了通过炒股获益补贴亲属。 在办公室门口听到内幕消息 依据证券法的有关规定，宁波证监局对李某内幕交易行为进行了立案调查，并依法向当事人,要闻,eastmoney
上海召开民营经济圆桌会 打造高质量民营孵化器 _,https://finance.eastmoney.com/a/202509063506749532.html,2025-09-06 14:26:00,中新网上海9月6日电(范宇斌)“打造高质量民营孵化器，培育壮大科技服务业”——专题民营经济圆桌会5日在上海市工商联召开，旨在加快提升科技创新策源功能和高端产业引领功能，更好支持民营孵化器企业高质量发展，营造良好的创新创业生态。上海市副市长刘多，上海市政协副主席、上海市工商联主席寿子琪出席会议并讲话，上海市委统战部副部长、上海市工商联党组书记王霄汉参加会议。 会议指出，民营经济是推进中国式现代化的生,要闻,eastmoney
兔子嗨跑营称与“最快女护士”张水华无任何商业签约或经济利益往来 _,https://finance.eastmoney.com/a/202509063506749327.html,2025-09-06 14:26:00,9月6日，兔子嗨跑营发布声明称，机构与所有精英跑者（包括张水华）均无任何商业签约或经济利益往来，坚决反对任何形式的网络暴力、人身攻击和恶意造谣。 （文章来源：界面新闻）,要闻,eastmoney
权威数读｜一周“靓”数 _,https://finance.eastmoney.com/a/202509063506749294.html,2025-09-06 14:20:00,9月3日上午，纪念中国人民抗日战争暨世界反法西斯战争胜利80周年大会在北京天安门广场隆重举行；上合组织天津峰会取得八大成果；7月1日至8月31日，全国铁路累计发送旅客9.43亿人次……本周，这些大事和数据，最值得关注！ （文章来源：新华社）,要闻,eastmoney
*ST紫天财务造假退市！下周解禁股名单出炉 _,https://finance.eastmoney.com/a/202509063506747573.html,2025-09-06 14:02:00,下周A股解禁市值逾960亿元。 9月5日晚间，*ST紫天（300280）发布公告，公司于9月5日收到深交所下发的《关于福建紫天传媒科技股份有限公司股票终止上市的决定》，深交所决定终止公司股票上市交易。 公司股票于9月15日复牌并进入退市整理期，退市整理期为十五个交易日，预计最后交易日期为2025年10月13日。公司股票于退市整理期届满的次一交易日摘牌并终止上市。 根据深交所下发决定：2025年5月,要闻,eastmoney
深圳楼市限购调整 今日起施行！ _,https://finance.eastmoney.com/a/202509063506748022.html,2025-09-06 14:02:00,继北京和上海之后，深圳楼市的新政策成为市场关注的焦点。 9月5日，记者从深圳市住建局网站获悉，《深圳市住房和建设局中国人民银行深圳市分行关于进一步优化调整深圳市房地产政策措施的通知》正式发布，《通知》自2025年9月6日（周六）起施行。 具体来看，分区优化调整居民购买商品住房政策。 《通知》提出，符合深圳市商品住房购买条件的居民家庭（包括深圳市户籍居民家庭、自购房之日前在深圳市连续缴纳社会保险或个,要闻,eastmoney
一些地方违规发福利、突击花钱 过紧日子需强化监督 _,https://finance.eastmoney.com/a/202509063506747375.html,2025-09-06 13:57:00,在地方财政收支矛盾加大背景之下，地方政府纷纷过紧日子，降低行政运行成本，不过仍有一些地方落实不到位。 近期，20多个省份审计部门公布的当地2024年度省级（市级）预算执行和其他财政收支的审计工作报告（下称“审计报告”），其中部分省份均发现一些地方存在过紧日子要求执行不严的问题。 过紧日子问题的重灾区 比如，河北审计报告指出，7个部门的13家所属单位违规发放实物福利、超标准支付专家费等164.16万,要闻,eastmoney
辛巴被相关部门带走调查？辛选集团相关人士回应来了 _,https://finance.eastmoney.com/a/202509063506746670.html,2025-09-06 13:51:00,9月6日，有报道称，辛选集团创始人辛巴（辛有志）被相关部门带走调查，之后辛巴意外前往香港。针对上述消息，辛选集团相关人士回应称：不属实。 此前，辛巴在直播中表示，将正式离开直播行业，不再参与各项工作。当时，辛选集团相关负责人向《每日经济新闻》记者确认，辛巴目前身体不能承受任何压力，肺功能已达极限。其1亿粉丝的账号作为公司资产已移交，并正式任命联合创始人初瑞雪（辛巴妻子）全面接管辛选集团。 8月29,要闻,eastmoney
威马新股东发声：9月复产 并承诺清偿债务 _,https://finance.eastmoney.com/a/202509063506745732.html,2025-09-06 13:36:00,威马汽车重整投资人深圳翔飞汽车销售有限公司（简称“翔飞”）通过威马汽车官微发布《致供应商白皮书》，称计划于2025年9月在温州基地恢复EX5和E5车型的量产，同时宣布对供应商欠款的清偿计划。 翔飞称，将对威马汽车科技集团有限公司等四家公司债务进行清偿，债权金额15万元（含）以下的普通债权人将在法院批准重整计划后6个月内获得全额现金清偿；债权金额超过15万元的，除15万元现金清偿外，超出部分通过信托,要闻,eastmoney
调整就是机会！机构大动作调仓 75只行业ETF被疯狂扫货 _,https://finance.eastmoney.com/a/202509063506745168.html,2025-09-06 13:22:00,本周股指集体调整，沪深两市股票型ETF和跨境型ETF合计净流入约128亿元。 从行业主题上看，证券、化工、电池等ETF被资金看好，而芯片相关ETF被资金抛售。 逾百亿元资金借道ETF进场 本周沪深两市成交12.84万亿元，其中沪市成交5.53万亿元，深市成交7.31万亿元。截至最新收盘，沪指报收于3812.51点，全周下跌1.18%，深证成指报收于12590.56点，全周下跌0.83%。 本周主要,要闻,eastmoney
易会满被查 其银行学校多名同学先期落马 详情披露：其8月29日左右被带走调查 几个家人也被一并带走 _,https://finance.eastmoney.com/a/202509063506744292.html,2025-09-06 13:07:00,据中央纪委国家监委消息，十四届全国政协经济委员会副主任易会满涉嫌严重违纪违法，目前正接受中央纪委国家监委纪律审查和监察调查。 数位消息人士对经济观察报记者表示，易会满是在2025年8月29日左右被带走调查的，他的几个家人也被一并带走。而在此前的几个月里，易会满在上个世纪80年代就读于浙江银行学校时的数名同学，已经先期落马。 据界面新闻消息：易会满被查的消息近期已经在网络上流传。中国政协网信息显示，,要闻,eastmoney
易会满被查！任职工行30余年 曾称证监会工作如履薄冰 _,https://finance.eastmoney.com/a/202509063506744011.html,2025-09-06 13:01:00,9月6日，中央纪委国家监委网站消息，十四届全国政协经济委员会副主任易会满涉嫌严重违纪违法，目前正接受中央纪委国家监委纪律审查和监察调查。 在工商银行体系内任职多年 公开资料显示，易会满最早在中国人民银行杭州市分行任职，后于1985年1月加入中国工商银行。 此后，易会满在中国工商银行体系内多次调整工作，先后任杭州市分行计划处副处长、杭州市分行计划处处长、杭州市分行副行长、浙江省分行副行长兼杭州市分行,要闻,eastmoney
“战争部”！特朗普签了 “这可是个大动作” _,https://finance.eastmoney.com/a/202509063506744713.html,2025-09-06 12:54:00,据央视新闻，美国总统特朗普5日签署一项行政令，决定恢复美国国防部历史旧称，将其更名为“战争部”。特朗普还表示，“这可是个大动作”。 图片来源：视频截图 据新华社，该行政令授权将“战争部”作为国防部的“次级称谓”使用（相当于代称），并把国防部长赫格塞思等人的职衔相应改为“战争部长”等对应称谓。同时，行政令要求赫格塞思采取措施以推动国防部实现永久更名。当天，多名共和党议员提出相关更名议案，尚待国会批准,要闻,eastmoney
易会满被查！执掌证监会5年 沪指20次失守3000点 曾屡提金融反腐 _,https://finance.eastmoney.com/a/202509063506744142.html,2025-09-06 12:47:00,从证监会主席任上离去1年7个月后，易会满最终未能“平稳落地”。 9月6日，中央纪委国家监委发布消息，十四届全国政协经济委员会副主任易会满涉嫌严重违纪违法，目前正接受中央纪委国家监委纪律审查和监察调查。 易会满2024年2月被免去证监会党委书记、主席职务后，此后市场多次流传相关信息。2024年6月，易会满被增补为第十四届全国政协委员，任命为经济委员会驻会副主任。这一度被视作“安全着陆”的信号，但传言,要闻,eastmoney
突然崩盘！又一家国际知名品牌受到关税重创！ _,https://finance.eastmoney.com/a/202509063506742183.html,2025-09-06 12:47:00,又一家国际知名品牌受到美国关税冲击！ 周五盘中，知名瑜伽运动服装品牌露露乐蒙（lululemon）股价一度大跌20%。此前，露露乐蒙大幅下调了2025财年的全年盈利和销售预测。该公司预计，关税将使其全年毛利润减少2.4亿美元。 在财报披露后，多家投行下调了露露乐蒙的目标价。其中，摩根大通将露露乐蒙目标价从224美元下调至191美元，巴克莱将露露乐蒙目标价从209美元下调至180美元，派杰投资将露露,要闻,eastmoney
美线集运运价9月初小幅下跌 业内预计下旬至国庆有望回温 但持续性有限 _,https://finance.eastmoney.com/a/202509063506741569.html,2025-09-06 12:34:00,集运美线迎涨后本周小幅回落，业内预计本月下旬至国庆，运价有望持续回暖。 “我们认为运价上涨的持续性或相对有限。VIZION数据显示，8月中旬美国从全球和我国订舱的集装箱数量同比分别下跌17%和30%，短期或有家具抢出口和航运公司运力控制因素，当前现货运价震荡运行。”中信期货首席研究员武嘉璐对财联社记者表示。 从指数来看，本周NCFI、SCFI指数北美航线表现出现分化。9月5日，宁波航运交易所NCF,要闻,eastmoney
正部级易会满被查：曾执掌中国证监会5年 7月底最后一次露面 _,https://finance.eastmoney.com/a/202509063506741367.html,2025-09-06 12:34:00,2025年9月6日，中央纪委国家监委网站发布消息，十四届全国政协经济委员会副主任易会满涉嫌严重违纪违法，目前正接受中央纪委国家监委纪律审查和监察调查。 易会满是今年以来中央纪委国家监委公开通报审查调查的第41个中管干部。他也是今年落马的第8个正部级“老虎”。 公开简历显示，易会满，男，汉族，1964年12月出生，浙江苍南人，高级管理人员工商管理硕士，管理学博士，中共党员。他是第十九届中央候补委员、,要闻,eastmoney
执掌证监会5年 易会满接受调查 数月前曾赴浙江调研 _,https://finance.eastmoney.com/a/202509063506738719.html,2025-09-06 12:20:00,9月6日，中央纪委国家监委网站发布消息称，证监会原主席易会满涉嫌严重违纪违法，目前正接受中央纪委国家监委纪律审查和监察调查。 公开履历显示，易会满曾在工行系统任职30余载，于2019年初接棒刘士余之后，成为证监会第九任主席。彼时，资本市场进入深化改革与创新发展时期，在其任职的5年期间，经历了科创板开板、北交所开市、推行全面注册制、推动常态化退市机制等多项重要改革。 直至2024年2月，执掌证监会刚,要闻,eastmoney
中国证监会原主席易会满被查 今年落马中管干部已有41人 _,https://finance.eastmoney.com/a/202509063506738558.html,2025-09-06 12:16:00,易会满。澎湃新闻记者赵昀资料图 9月6日11时，中央纪委国家监委网站客户端通报称，十四届全国政协经济委员会副主任易会满涉嫌严重违纪违法，目前正接受中央纪委国家监委纪律审查和监察调查。 公开资料显示，易会满，男，汉族，1964年出生。他曾长期在工商银行系统工作，担任过工行浙江省分行副行长，江苏省分行副行长（主持工作），江苏省分行行长、党委书记，北京市分行行长、党委书记等职，于2005年6月跻身工行党,要闻,eastmoney
周末打虎！涉嫌严重违纪违法 易会满被查（附简历） _,https://finance.eastmoney.com/a/202509063506738353.html,2025-09-06 12:06:00,据中央纪委国家监委网站6日消息，十四届全国政协经济委员会副主任易会满涉嫌严重违纪违法，目前正接受中央纪委国家监委纪律审查和监察调查。 简历显示，易会满，1964年12月出生，汉族，浙江苍南人，高级管理人员工商管理硕士。 1984年8月，易会满在中国人民银行杭州市分行参加工作。1985年1月进入中国工商银行，1998年7月起先后任中国工商银行浙江省分行副行长、党委委员兼营业部总经理、党委书记，江苏省,要闻,eastmoney
前证监会主席、30余载工行“老将”易会满被查 在任五年1700家IPO _,https://finance.eastmoney.com/a/202509063506737138.html,2025-09-06 11:19:00,卸任证监会主席一年多后，易会满被查一事得以官宣。 今日，中纪委官网通报，十四届全国政协经济委员会副主任易会满涉嫌严重违纪违法，目前正接受中央纪委国家监委纪律审查和监察调查。 图片来源：中纪委官网 在中纪委官方通报之前，坊间已多次流传易会满被查的消息，而后往往有其出席公开活动的信息浮现来终结传言。但屡屡传出被查事宜后，此次官方靴子落地，市场也并未十分震惊。 2024年春节前夕，证监会敲定新“一把手”,要闻,eastmoney
重磅打虎！易会满落马 执掌中国证监会超5年 任期内3000点20次失守 _,https://finance.eastmoney.com/a/202509063506737097.html,2025-09-06 11:17:00,据中央纪委国家监委消息，十四届全国政协经济委员会副主任易会满涉嫌严重违纪违法，目前正接受中央纪委国家监委纪律审查和监察调查。 资料显示，2019年1月，易会满被任命为中国证监会党委书记、主席，至2024年2月被免去职务，执掌中国证监会5年。易会满掌舵期间，中国资本市场经历科创板开板、北交所揭牌开市、推行全面注册制、退市新规等变化。 “宇宙行”起步 公开资料显示，易会满，男，汉族，1964年12月出,要闻,eastmoney
7万亿体育产业蓝图浮现 国产运动品牌增长空间在哪里？ _,https://finance.eastmoney.com/a/202509063506737352.html,2025-09-06 11:14:00,9月4日，国务院办公厅印发《关于释放体育消费潜力进一步推进体育产业高质量发展的意见》（以下简称《意见》），明确提出到2030年体育产业总规模突破7万亿元，培育一批具有全球竞争力的体育企业和国际级体育赛事。这一目标为体育产业的产业化、商业化与资本化进程注入了强劲的政策动力。 《意见》从扩大供给、激发消费、壮大市场主体等六大方面提出20条具体措施，构建起支持体育产业高质量发展的全方位政策框架。在202,要闻,eastmoney
国产头部半导体设备厂领跑！记者实探中微公司六大新品 _,https://finance.eastmoney.com/a/202509063506736539.html,2025-09-06 11:02:00,9月4日至9月6日，第十三届半导体设备与核心部件及材料展（下称：CSEAC 2025）正在无锡举行。 期间，中微公司发布6款半导体设备新产品，覆盖等离子体刻蚀（Etch）、原子层沉积（ALD）及外延（EPI）等工艺。 中微公司董事长兼总经理尹志尧在该展会主旨演讲环节表示，目前，中微公司在研项目涵盖六大类、超二十款新设备，过去一款新设备的开发周期通常为3-5年，如今仅需2年，甚至更短时间就能推出具有,要闻,eastmoney
深圳“金九银十”迎政策大礼包 购房门槛、房贷成本双双下调 _,https://finance.eastmoney.com/a/202509063506742918.html,2025-09-06 11:02:00,全面放宽限购、降低房贷利率，深圳以超预期力度为楼市注入强心剂。 9月5日深夜，深圳市住房和建设局与中国人民银行深圳市分行联合印发《关于进一步优化调整本市房地产政策措施的通知》。此次政策调整涵盖居民购房、企事业单位购房以及个人住房信贷等多方面重磅举措。 深圳由此成为北京、上海之后，又一个优化楼市政策的一线城市。分析人士指出，与京沪两地近期政策相比，深圳对限购松绑力度明显更大，这将对激活市场起到更明显,要闻,eastmoney
打虎！证监会原主席易会满被查 _,https://finance.eastmoney.com/a/202509063506736110.html,2025-09-06 11:01:00,十四届全国政协经济委员会副主任易会满涉嫌严重违纪违法，目前正接受中央纪委国家监委纪律审查和监察调查。 新闻多一点 公开信息显示，易会满出生于1964年12月，曾长期在银行系统工作，2019年1月任中国证券监督管理委员会主席、党委书记，2024年2月被免职，后转任全国政协经济委员会驻会副主任。 易会满被查 其银行学校多名同学先期落马 详情披露：其8月29日左右被带走调查 几个家人也被一并带走 据中央,要闻,eastmoney
退休的券商分公司老总被罚 代客交易亏近300万 还有两券商违规揽客 _,https://finance.eastmoney.com/a/202509063506742873.html,2025-09-06 11:00:00,一日内3家券商及从业人员收到监管罚单，再次将证券行业合规问题推向公众视野。 9月5日，海南、安徽、大连三地证监局集中披露多项行政监管措施，涉及财达证券、西南证券和中山证券的相关分支机构及责任人，违规事由包括“私下接受客户委托买卖证券”和“违规委托第三方招揽客户”等典型问题。 海南证监局发布行政处罚决定书，已退休的财达证券海南分公司前从业人员敖义被给予警告，并处以15万元罚款，敖义私下接受客户委托买,要闻,eastmoney
OpenAI重组ChatGPT个性研究团队！ _,https://finance.eastmoney.com/a/202509063506742795.html,2025-09-06 10:46:00,OpenAI正在重组ChatGPT团队，加入模型行为小组，以在模型的初始预训练之后改进公司的AI模型。 这支模型行为小组由约14名研究人员组成，是一支规模虽小但颇具影响力的研究团队，决定着OpenAI人工智能模型与人互动的方式。该团队也参与了自GPT-4以来的所有OpenAI模型的开发，包括GPT-4o和GPT-5。 OpenAI发言人已证实了这一调整，目前模型行为团队已开始向OpenAI的后期训,要闻,eastmoney
招商蛇口：前8个月销售金额约1240亿元 8月斥资128.75亿元获得4宗地块 _,https://finance.eastmoney.com/a/202509063506732982.html,2025-09-06 10:12:00,9月5日，招商蛇口（001979.SZ）披露8月份销售数据及拿地情况。 销售数据显示，8月份公司实现签约销售面积51.86万平方米，实现签约销售金额194.55亿元。 2025年前8个月，招商蛇口累计实现签约销售面积445.27万平方米，累计实现签约销售金额1240.08亿元。 拿地方面，8月份招商蛇口共斥资约128.75亿元获得4宗地块。 此前招商蛇口披露的2025年中期业绩显示，2025年上半,要闻,eastmoney
中国创新药授权交易大热 如何紧握商业化质效主导权？ _,https://finance.eastmoney.com/a/202509063506721028.html,2025-09-06 09:08:00,2025年以来，创新药领域的BD（商务拓展）合作热潮迭起，中国Biotech（创新药企）与国际大药企的合作案例频现，商务拓展日益成为推动创新药企业业绩增长的核心动力。 医药魔方《2025H1医药交易趋势报告》显示，近5年License-out（对外授权）交易在中国相关交易中的首付款及总金额占比均显著提升，今年上半年License-out首付款和总金额分别达26亿美元和600亿美元，在中国相关交易金,要闻,eastmoney
要口碑还是要销量？激怒打工人的桃李面包 7天涨粉超8000人 _,https://finance.eastmoney.com/a/202509063506720692.html,2025-09-06 09:02:00,因为推销自家的五仁月饼，桃李面包惹怒了“打工人”群体。 近日，桃李面包（603866.SH）一则宣传旗下五仁月饼 “桃李蛋月烧” 的电梯广告引发争议。 这则电梯广告语为：“有人说五仁不好吃，我们认为：那是因为你还年轻，还没饱尝过生活的毒打。桃李蛋月烧，等一个有故事的人下单！” 看似想用“生活共鸣”拉近与消费者距离的广告文案，却在发布后引来众多网友不满。人们的愤怒点在于，自己的主观消费选择，竟然要被,要闻,eastmoney
关税大消息！特朗普签了 对进口关税范围进行调整 _,https://finance.eastmoney.com/a/202509063506719239.html,2025-09-06 08:41:00,美国调整关税政策生效范围。 美东时间9月5日，美国白宫发布声明表示，美国总统特朗普签署行政命令，对进口关税范围进行调整，并落实与外国贸易伙伴的贸易与安全框架协议。行政命令规定，在与外国贸易伙伴达成框架协议或最终协议后，美国可根据协议内容调整关税，包括将部分商品的“对等关税”降至零。 值得注意的是，美国芯片关税或呼之欲出。特朗普近日在白宫晚宴上向科技领袖透露，一项“相当可观”的半导体关税即将出台，但,要闻,eastmoney
欧洲国家讨论向乌派兵！普京喊话：在乌外军将成合法打击目标！梅德韦杰夫最新表态 _,https://finance.eastmoney.com/a/202509063506719120.html,2025-09-06 08:39:00,据央视新闻，乌克兰总统泽连斯基4日在社交媒体发文说，他当天在法国巴黎参加“自愿联盟”线上会议后与美国总统特朗普通电话，重点讨论对俄罗斯追加强力制裁和保护乌领空方案等事宜，一些欧洲领导人加入通话。对此，俄方回应称，绝不接受外国军队在乌克兰部署。 图片来源：视频截图 泽连斯基表示，乌克兰及其盟友已就安全保障的总体框架达成一致，乌美双方还讨论了如何最大限度保护乌克兰领空。他说，乌克兰提出了一项保护乌领空,要闻,eastmoney
奥乐齐降价、永辉“胖改”、清美开首店 商超们在上海又卷起来了 _,https://finance.eastmoney.com/a/202509063506719054.html,2025-09-06 08:36:00,9月5日，ALDI奥乐齐宣布，旗下超50款“复购王”产品长期降价，最高降幅30%。 本文图片均由澎湃新闻记者邹娟摄 9月5日，ALDI奥乐齐宣布，旗下超50款“复购王”产品长期降价，最高降幅30%。澎湃新闻记者采访发现，今年，除了价格，上海超市业态的品质、服务和渠道运营，都“卷”出了新高度。 “卷”价格 冷冻澳洲牛尾、冷鲜进口牛肉片、高端海鲜......澎湃新闻记者获悉，自2024年提出“新低价”,要闻,eastmoney
美军跨洋摧毁“委内瑞拉运毒船”打死11人 合法吗？ _,https://finance.eastmoney.com/a/202509063506718977.html,2025-09-06 08:34:00,美国总统特朗普近日下令美军摧毁加勒比海一艘“运毒船”，引发法律专家和美国议员的强烈质疑。外界担忧特朗普政府会不受限制地动用军事力量。 当地时间9月2日，特朗普在社交媒体上发布了一份附有袭击视频的帖子，称在国际水域针对已确认身份的“阿拉瓜火车”组织“贩毒恐怖分子”发起袭击，造成“11名恐怖分子”死亡。这也是美国首次采取军事手段打击疑似“运毒船”。 特朗普发布视频称美军袭击南加勒比海船只。视频截图 当,要闻,eastmoney
同店药品线下比网售贵？我们去了10家药店 _,https://finance.eastmoney.com/a/202509063506718490.html,2025-09-06 08:30:00,同一家药店，同一款药，网售只要几块钱，线下却得花费三十多块，差价三倍多？ 近日，澎湃新闻“马上测”实测复美、雷允上、华氏、好药师、老百姓、益丰、汇丰等十家实体药店发现，部分药店中，同一款药线下实体店都比其线上店铺更贵，差价最大的超三倍。 比如老百姓大药房（中山北路店）的“仁和”人工牛黄甲硝唑胶囊（规格12粒*2板），线上价格8.68元，线下价格32元，差价达23.32元。 为何线上线下价格差异如此,要闻,eastmoney
光储“牛股”捷佳伟创股东减持计划接连不断 股价一个多月内接近翻倍 _,https://finance.eastmoney.com/a/202509063506716147.html,2025-09-06 08:13:00,就在公告控股股东及一致行动人减持完391.42万股的次日，光储“牛股”捷佳伟创（300724.SZ，股价106.7元，市值371.01亿元）又抛出一份超300万股的减持计划。 捷佳伟创9月5日晚间公告称，特定股东李时俊计划减持不超过300万股，占公司总股本的0.8649%；高管金晶磊计划减持不超过5600股，占总股本的0.0016%；高管谭湘萍计划减持不超过5000股，占总股本的0.0014%。三,要闻,eastmoney
“卖铲人”股价5天上涨超50% 固态电池“军备竞赛”打得如何了？ _,https://finance.eastmoney.com/a/202509063506715626.html,2025-09-06 08:07:00,今年以来，全球各大电池制造商和汽车厂商加速推进固态电池的研发与产业化进程，关于固态电池的“军备竞赛”打得愈发激烈。 各家频频对外发布相关消息之际，资本市场也因此反复掀起高潮。以亿纬锂能（300014.SZ）为例，这家锂电池领域的二线厂商在9月2日正式揭牌了其固态电池研究院成都量产基地，“龙泉二号”全固态电池宣布下线，第二天公司股价即大幅上涨，单日涨幅达12.08%，总市值当天突破1300亿元。过去,要闻,eastmoney
公募基金降费改革收官在即 每年让利有望超500亿元 _,https://finance.eastmoney.com/a/202509063506715493.html,2025-09-06 08:06:00,时隔12年，公募基金销售费用管理规则迎修订。9月5日，证监会发布修订后的《公开募集证券投资基金销售费用管理规定》（下称《规定》），并向社会公开征求意见。这是分阶段推进费率改革的“最后关键一步”，标志着公募基金行业费率改革顺利进入收官阶段。 记者了解到，后续和费率改革相关的政策还包括了业绩比较基准和相关配套规则，随着销售费率逐步改革到位，在已经降低基金管理费率、托管费率、交易费率的基础上，预计每年向,要闻,eastmoney
AIDC高速互联需求不止 OCS会是下一个答案吗？ _,https://finance.eastmoney.com/a/202509063506715858.html,2025-09-06 08:06:00,就在上个月，英伟达创始人黄仁勋生动描绘了这样一个愿景：“未来的AI工厂，不止要大，还要能把城市、国家乃至洲际的数据中心拼接起来。” 要实现这样的愿景绝非易事。现实情况是，AI数据中心在不断扩大规模的同时，庞大的数据传输需求也带来了更高的延迟和能耗问题。就连英伟达自己也承认，跨数据中心网络延迟是AI训练和计算面临的重要挑战。 2009年，彼时世界刚刚迈入移动互联网时代，诺贝尔物理学奖评委会如此形容当,要闻,eastmoney
稀缺！机构盯上的筹码大幅集中滞涨股曝光 仅15只！ _,https://finance.eastmoney.com/a/202509063506685062.html,2025-09-06 07:45:00,从最新机构评级来看，医药生物、科技行业个股持续获机构看好。 51股本周获得5家及以上机构重点关注 据证券时报·数据宝统计，截至周五收盘，本周（9月1日至9月5日），59家机构合计进行1678次“买入型”（包括买入、增持、推荐、强烈推荐、强烈买入）评级，合计覆盖929只个股。 从行业分布来看，医药生物、电子、电力设备等6个行业股票数量均超过50只；其中，医药生物行业达94只，电子行业个股有80余只。,要闻,eastmoney
天价“赌约”！10000亿美元天价薪酬！马斯克深夜刷屏！ _,https://finance.eastmoney.com/a/202509063506555221.html,2025-09-06 07:26:00,特斯拉提出天价薪酬方案！ 特斯拉CEO马斯克，有可能会成为世界上第一位万亿富翁，前提是他带领特斯拉完成一系列经营目标，并将公司市值从目前的1万亿美元提升到至少8.5万亿美元。该计划跨度为10年。 9月5日晚间，根据特斯拉向马斯克提出的薪酬协议，在完成雄心勃勃的考核指标后，马斯克将额外获得4.237亿股特斯拉股票。按周四收盘价338.53美元/股计算，上述股份当前价值1434亿美元。若10年后特斯拉,要闻,eastmoney
AI芯片赛道“黑马”来袭 英伟达4万亿市值红线受威胁 _,https://finance.eastmoney.com/a/202509063506529568.html,2025-09-06 06:10:00,周五（9月5日），英伟达股价收跌2.7%报167.02美元，公司市值守住4万亿美元关口。盘中一度跌超4.4%至164.07美元，上一次位于这一水平还是在7月14日。 与此同时，博通收涨9.41%报334.89美元，盘中一度涨16%报356.24美元；分别创下了盘中和收盘新高。截至收盘，该股市值达到1.575万亿美元，超越了能源巨头沙特阿美。 前一交易日，博通盘后公布的第三财季业绩超出预期，并为第四,要闻,eastmoney
全球市场：美股三大指数收跌 博通涨超9% 英伟达跌近3% 国际金价创新高 _,https://finance.eastmoney.com/a/202509063506513348.html,2025-09-06 06:05:00,美股市场：美股三大指数09月05日收盘全线下跌，盘初均创出历史新高。截至收盘，道琼斯工业平均指数比前一交易日下跌220.43点，收于45400.86点，跌幅为0.48%；标准普尔500种股票指数下跌20.58点，收于6481.5点，跌幅为0.32%；纳斯达克综合指数下跌7.3点，收于21700.39点，跌幅为0.03%。本周，道指累跌0.32%，纳斯达克综合指数累涨1.14%，标普累涨0.33%。,要闻,eastmoney
特朗普称美联储主席人选是沃勒、沃什和哈塞特 _,https://finance.eastmoney.com/a/202509063506515935.html,2025-09-06 05:22:00,特朗普表示，没有说过会选择哈塞特当美联储主席，哈塞特是人选前三之一。贝森特曾是美联储主席的第四人选，现在剩下三人，分别是沃勒、沃什和哈塞特。 美联储9月议息将至：官员激辩降息 人事变动引发独立性质疑再起 距美联储9月议息会议召开还有十天，美联储官员仍在争论是否应该降息。美联储理事、下任美联储主席的热门人选沃勒（Christopher Waller）称，美联储应于9月议息会议开始降息，但也有官员表示,要闻,eastmoney
沙特据称正推动欧佩克+提前放油：抢市占与稳油价矛盾升级 _,https://finance.eastmoney.com/a/202509063506510686.html,2025-09-06 05:06:00,知情人士透露，欧佩克+的领头羊沙特阿拉伯希望该组织考虑提前恢复更多石油产量，以尝试夺回更多市场份额，而不是等到明年年底再按原计划执行。 欧佩克+主要成员国将于本周日举行视频会议，讨论如何处理目前被搁置的166万桶/日供应配额。 部分知情人士表示，目前尚未作出决定，也不清楚是否会在本周日就达成增产共识，还是推迟到未来几个月。 不过，增产提案可能会遭到其他成员国的反对，因为他们更希望为价格托底。 受最,要闻,eastmoney
特朗普批评欧盟对谷歌罚款 称将考虑反制 _,https://finance.eastmoney.com/a/202509063506492873.html,2025-09-06 03:44:00,美国总统特朗普在其社交媒体“真实社交”发文，批评欧盟对谷歌处以35亿美元罚款，称这一举动“极其不公平”，是在掠夺本应用于美国投资与就业的资金。他指出，这只是近年来欧洲针对谷歌及其他美国科技企业开出的众多罚款和税收之一。特朗普强调，其政府不会容忍这种“歧视性行为”。特朗普警告，如果欧洲继续对美国科技巨头采取类似措施，他将被迫启动“301条款”程序，推翻这些“不公平的处罚”，以保护美国纳税企业的利益。,要闻,eastmoney
落实车企账期承诺还需突破多个难点 零部件企业：一些合作项目实际账期变化不明显 _,https://finance.eastmoney.com/a/202509063506489837.html,2025-09-06 02:41:00,8月中旬，工业和信息化部发布车企账期整改调研信息，一汽、广汽、赛力斯通过流程优化兑现承诺的案例被重点披露。随后，工业和信息化部装备工业一司司长王卫明在调研奇瑞时了解到，奇瑞已将供应商平均支付账期压缩至47天。如今，距离17家车企作出“60天账期承诺”已两月有余，更多车企的账期承诺兑现情况如何？是否真正缓解供应商的压力？成为业内关注焦点。 近期，证券时报记者采访了北京、天津、江苏、浙江、安徽、湖北、,要闻,eastmoney
现货黄金升至3600美元 再创历史新高 _,https://finance.eastmoney.com/a/202509063506479528.html,2025-09-06 00:38:00,现货黄金涨1.5%，最高报3600.15美元/盎司，再创历史新高；今年至今，现货黄金已累计上涨976美元，涨幅高达37%。 现货黄金突破3600美元大关再创历史新高 疲软非农数据强化降息预期 周五美盘交易时段，在疲弱的美国非农就业数据推动下，市场对美联储降息的预期进一步升温，黄金强劲的上涨行情再度加速，一举突破3600美元/盎司的重要关口。 具体来看，现货黄金日内涨幅扩大至1.5%，史上首次站上3,要闻,eastmoney
深圳出台楼市新政：除福田南山外 深圳8区进一步放松住房限购政策 _,https://finance.eastmoney.com/a/202509053506415478.html,2025-09-06 00:15:00,深圳市住房和建设局、中国人民银行深圳市分行9月5日晚发布通知，为更好满足居民刚性住房需求和多样化改善性住房需求、促进房地产市场平稳健康发展，经市政府同意，现就进一步优化调整房地产政策措施通知如下： 一、分区优化调整居民购买商品住房政策 （一）符合本市商品住房购买条件的居民家庭（包括本市户籍居民家庭、自购房之日前在本市连续缴纳社会保险或个人所得税满1年及以上的非本市户籍居民家庭），在罗湖区、宝安区（,要闻,eastmoney
美股频道 -,http://stock.eastmoney.com/america.html,2025-09-05 00:00:00,中国财经资讯门户东方财富网(www.eastmoney.com)美股频道：提供全方位24小时全球股票行情、股市直播、大盘分析、板块聚焦、焦点点评、报刊头条、热门股追踪、个股点睛、个股精华、公司资讯、公司研究、公司评级、行业研究、业绩预测、新股策略、交易提示、晚间快讯、新股申购、新股过会、年报预告、季报大全、解禁一览、大宗交易、龙虎榜单、全球股市、传闻求证、公告大全、股市播报、主力持仓、股票帐户、板,要闻,eastmoney
焦点 -,http://finance.eastmoney.com/yaowen.html,,东方财富网财经频道提供权威、全面、专业、及时的财经资讯，将众多财经资讯、功能进行浓缩，内容饱满详实，展现形式丰富，网友之间互动性突出，是网友获取财经资讯的重要平台。,要闻,eastmoney
新股 _ 股票频道 _,http://stock.eastmoney.com/newstock.html,,中国财经第一门户东方财富网(www.eastmoney.com)新股频道，为您全方位提供新股动态，新股聚焦，热门新股行情，定位预测，增发一览，可转债一览，新股吧。,要闻,eastmoney
股指期货频道 -,http://stock.eastmoney.com/gzqh.html,,东方财富网股指期货频道是国内最专业的股指期货提供方，拥有最全面股指期货信息资讯，提供最及时的股指期货行情。行情中心内对股指期货的各类合约都有详细的的分时图K线图和各类数据提供参考。频道内设有全国最大的股指期货吧和各类合约吧，为股指期货初学者和各类股指期货高手提供了交流学习的空间。频道内还专门为股指期货初学者设立了投资者教育中心，从了解股指期货到股指期货开户，为投资者提供了详细的指导与建议。投资者通,要闻,eastmoney
全球频道 -,http://stock.eastmoney.com/global.html,,"东方财富网全球频道,提供全球范围内的财经资讯,市场行情,经济数据,包括亚太市场,欧洲市场,美国市场,和美股,港股,外汇,黄金,期货。",要闻,eastmoney
基金吧,http://guba.eastmoney.com/jj.html,,基金吧--东方财富网旗下股票主题社区，实时行情评论和个股交流让你感受到证券经济的力量。,要闻,eastmoney
焦点 -,https://finance.eastmoney.com/yaowen.html,,东方财富网财经频道提供权威、全面、专业、及时的财经资讯，将众多财经资讯、功能进行浓缩，内容饱满详实，展现形式丰富，网友之间互动性突出，是网友获取财经资讯的重要平台。,要闻,eastmoney
纵深调查 _,http://finance.eastmoney.com/a/czsdc.html,,,要闻,eastmoney
财经日历 _ 数据中心 _,http://data.eastmoney.com/cjrl/default.html,,东方财富网提供最全的沪深两市每日重要事件汇总，个股最新公告和业绩报告，以及全球宏观经济指标和财经会议内容，及时了解宏观走势、市场脉搏、个股动向，为您的投资提供重要依据,要闻,eastmoney
会议专题 - 专题频道 - 东方财富网,https://topic.eastmoney.com/list/huiyi.html,,,要闻,eastmoney
资讯精华 _,http://finance.eastmoney.com/a/cywjh.html,,,要闻,eastmoney
国内经济 _,http://finance.eastmoney.com/a/cgnjj.html,,,要闻,eastmoney
国际经济 _,http://finance.eastmoney.com/a/cgjjj.html,,,要闻,eastmoney
证券聚焦 _,http://finance.eastmoney.com/a/czqyw.html,,,要闻,eastmoney
公司资讯 _,http://finance.eastmoney.com/a/cgsxw.html,,,要闻,eastmoney
